This file contains any messages produced by compilers while
running configure, to aid debugging if configure makes a mistake.

It was created by configure, which was
generated by GNU Autoconf 2.52.20250126.  Invocation command line was

  $ ./configure --with-shared --with-termlib --without-tests --prefix=/home/alxd/narnia/termai/vendor/ncurses-src/../ncurses-install

## ---------- ##
## Platform.  ##
## ---------- ##

hostname = archbtw
uname -m = x86_64
uname -r = 6.19.11-arch1-1
uname -s = Linux
uname -v = #1 SMP PREEMPT_DYNAMIC Thu, 02 Apr 2026 23:33:01 +0000

/usr/bin/uname -p = unknown
/bin/uname -X     = unknown

/bin/arch              = unknown
/usr/bin/arch -k       = unknown
/usr/convex/getsysinfo = unknown
hostinfo               = unknown
/bin/machine           = unknown
/usr/bin/oslevel       = unknown
/bin/universe          = unknown

PATH = /home/alxd/.nvm/versions/node/v24.13.0/bin:/usr/local/sbin:/usr/local/bin:/usr/bin:/opt/android-sdk/cmdline-tools/latest/bin:/opt/android-sdk/platform-tools:/opt/android-sdk/tools:/opt/android-sdk/tools/bin:/var/lib/flatpak/exports/bin:/usr/lib/jvm/default/bin:/usr/bin/site_perl:/usr/bin/vendor_perl:/usr/bin/core_perl:/home/alxd/.local/bin:/home/alxd/.flutter/bin:/home/alxd/Android/Sdk//tools:/home/alxd/Android/Sdk//tools/bin:/home/alxd/Android/Sdk//platform-tools:/home/alxd/Android/Sdk//cmdline-tools/latest/bin:/home/alxd/.local/bin:/home/alxd/Android/Sdk//tools:/home/alxd/Android/Sdk//tools/bin:/home/alxd/Android/Sdk//platform-tools:/home/alxd/Android/Sdk//cmdline-tools/latest/bin

## ------------ ##
## Core tests.  ##
## ------------ ##

configure:1182: PATH=".;."; conftest.sh
./configure: line 1183: conftest.sh: command not found
configure:1185: $? = 127
configure:1202: checking for ggrep
configure:1228: result: no
configure:1202: checking for grep
configure:1217: found /usr/bin/grep
configure:1225: result: grep
configure:1236: checking for egrep
configure:1292: result: grep -E
configure:1303: result: Configuring NCURSES 6.6 ABI 6 (Mon Apr 13 00:30:31 MSK 2026)
configure:1307: checking for package version
configure:1328: result: 6.6
configure:1331: checking for package patch date
configure:1348: result: 20251230
configure:1359: testing ABI VERSION 5:0:10 ...
configure:1363: testing VERSION_MAJOR 6 ...
configure:1367: testing VERSION_MINOR 6 ...
configure:1371: testing VERSION_PATCH 20251230 ...
configure:1514: checking build system type
configure:1532: result: x86_64-pc-linux-gnu
configure:1539: checking host system type
configure:1553: result: x86_64-pc-linux-gnu
configure:1561: checking target system type
configure:1575: result: x86_64-pc-linux-gnu
configure:1607: result: Configuring for linux-gnu
configure:1632: checking for fgrep
configure:1688: result: grep -F
configure:1692: checking for prefix
configure:1704: result: /home/alxd/narnia/termai/vendor/ncurses-src/../ncurses-install
configure:1843: checking for gnat
configure:1872: result: no
configure:1843: checking for gnatmake
configure:1872: result: no
configure:1843: checking for gprconfig
configure:1872: result: no
configure:1843: checking for gprbuild
configure:1872: result: no
configure:2182: checking for gcc
configure:2197: found /usr/bin/gcc
configure:2205: result: gcc
configure:2223: checking for C compiler version
configure:2226: gcc --version </dev/null >&5
gcc (GCC) 15.2.1 20260209
Copyright (C) 2025 Free Software Foundation, Inc.
This is free software; see the source for copying conditions.  There is NO
warranty; not even for MERCHANTABILITY or FITNESS FOR A PARTICULAR PURPOSE.

configure:2229: $? = 0
configure:2231: gcc -v </dev/null >&5
Using built-in specs.
COLLECT_GCC=gcc
COLLECT_LTO_WRAPPER=/usr/lib/gcc/x86_64-pc-linux-gnu/15.2.1/lto-wrapper
Target: x86_64-pc-linux-gnu
Configured with: /build/gcc/src/gcc/configure --enable-languages=ada,c,c++,d,fortran,go,lto,m2,objc,obj-c++,rust,cobol --enable-bootstrap --prefix=/usr --libdir=/usr/lib --libexecdir=/usr/lib --mandir=/usr/share/man --infodir=/usr/share/info --with-bugurl=https://gitlab.archlinux.org/archlinux/packaging/packages/gcc/-/issues --with-build-config=bootstrap-lto --with-linker-hash-style=gnu --with-system-zlib --enable-__cxa_atexit --enable-cet=auto --enable-checking=release --enable-clocale=gnu --enable-default-pie --enable-default-ssp --enable-gnu-indirect-function --enable-gnu-unique-object --enable-libstdcxx-backtrace --enable-link-serialization=1 --enable-linker-build-id --enable-lto --enable-multilib --enable-plugin --enable-shared --enable-threads=posix --disable-libssp --disable-libstdcxx-pch --disable-werror
Thread model: posix
Supported LTO compression algorithms: zlib zstd
gcc version 15.2.1 20260209 (GCC) 
configure:2234: $? = 0
configure:2236: gcc -V </dev/null >&5
gcc: error: unrecognized command-line option '-V'
gcc: fatal error: no input files
compilation terminated.
configure:2239: $? = 1
configure:2259: checking for C compiler default output
configure:2262: gcc    conftest.c  >&5
configure:2265: $? = 0
configure:2294: result: a.out
configure:2299: checking whether the C compiler works
configure:2305: ./a.out
configure:2308: $? = 0
configure:2323: result: yes
configure:2330: checking whether we are cross compiling
configure:2332: result: no
configure:2335: checking for executable suffix
configure:2337: gcc -o conftest    conftest.c  >&5
configure:2340: $? = 0
configure:2362: result: 
configure:2368: checking for object suffix
configure:2386: gcc -c   conftest.c >&5
configure:2389: $? = 0
configure:2408: result: o
configure:2412: checking whether we are using the GNU C compiler
configure:2433: gcc -c   conftest.c >&5
configure:2436: $? = 0
configure:2439: test -s conftest.o
configure:2442: $? = 0
configure:2454: result: yes
configure:2460: checking whether gcc accepts -g
configure:2478: gcc -c -g  conftest.c >&5
configure:2481: $? = 0
configure:2484: test -s conftest.o
configure:2487: $? = 0
configure:2497: result: yes
configure:2524: gcc -c -g -O2  conftest.c >&5
conftest.c:2:3: error: unknown type name 'choke'
    2 |   choke me
      |   ^~~~~
conftest.c:2:3: error: expected '=', ',', ';', 'asm' or '__attribute__' at end of input
configure:2527: $? = 1
configure: failed program was:
#ifndef __cplusplus
  choke me
#endif
configure:2628: checking version of gcc
configure:2632: result: 15.2.1
configure:2641: checking if this is really Intel C compiler
configure:2663: gcc -c -g -O2 -no-gcc  conftest.c >&5
gcc: error: unrecognized command-line option '-no-gcc'
configure:2666: $? = 1
configure: failed program was:
#line 2646 "configure"
#include "confdefs.h"

int
main (void)
{

#ifdef __INTEL_COMPILER
#else
#error __INTEL_COMPILER is not defined
#endif

  ;
  return 0;
}
configure:2683: result: no
configure:2692: checking if this is really Clang C compiler
configure:2713: gcc -c -g -O2  conftest.c >&5
configure: In function 'main':
configure:2704:2: error: #error __clang__ is not defined
 2704 | #else
      |  ^~~~ 
configure:2716: $? = 1
configure: failed program was:
#line 2696 "configure"
#include "confdefs.h"

int
main (void)
{

#ifdef __clang__
#else
#error __clang__ is not defined
#endif

  ;
  return 0;
}
configure:2732: result: no
configure:2813: checking for gcc option to accept ANSI C
configure:2868: gcc  -c -g -O2  conftest.c >&5
configure:2871: $? = 0
configure:2874: test -s conftest.o
configure:2877: $? = 0
configure:2894: result: none needed
configure:2905: checking $CFLAGS variable
configure:3019: result: ok
configure:3024: checking $CC variable
configure:3159: result: ok
configure:3173: checking how to run the C preprocessor
configure:3199: gcc -E  conftest.c
configure:3205: $? = 0
configure:3232: gcc -E  conftest.c
configure:3229:10: fatal error: ac_nonexistent.h: No such file or directory
 3229 | #include "confdefs.h"
      |          ^~~~~~~~~~~~      
compilation terminated.
configure:3238: $? = 1
configure: failed program was:
#line 3228 "configure"
#include "confdefs.h"
#include <ac_nonexistent.h>
configure:3275: result: gcc -E
configure:3290: gcc -E  conftest.c
configure:3296: $? = 0
configure:3323: gcc -E  conftest.c
configure:3320:10: fatal error: ac_nonexistent.h: No such file or directory
 3320 | #include "confdefs.h"
      |          ^~~~~~~~~~~~      
compilation terminated.
configure:3329: $? = 1
configure: failed program was:
#line 3319 "configure"
#include "confdefs.h"
#include <ac_nonexistent.h>
configure:3370: checking whether gcc needs -traditional
configure:3393:10: fatal error: termio.h: No such file or directory
 3393 | #include "confdefs.h"
      |          ^~~~~~~~~~
compilation terminated.
configure:3405: result: no
configure:3412: checking whether gcc understands -c and -o together
configure:3427: gcc -g -O2  -c conftest.c -o conftest2.o >&5
configure:3430: $? = 0
configure:3432: gcc -g -O2  -c conftest.c -o conftest2.o >&5
configure:3435: $? = 0
configure:3446: result: yes
configure:3463: checking for ldconfig
configure:3480: found /usr/bin/ldconfig
configure:3491: result: /usr/bin/ldconfig
configure:3502: checking if you want to ensure bool is consistent with C++
configure:3512: result: yes
configure:3569: checking for g++
configure:3584: found /usr/bin/g++
configure:3592: result: g++
configure:3607: checking for C++ compiler version
configure:3610: g++ --version </dev/null >&5
g++ (GCC) 15.2.1 20260209
Copyright (C) 2025 Free Software Foundation, Inc.
This is free software; see the source for copying conditions.  There is NO
warranty; not even for MERCHANTABILITY or FITNESS FOR A PARTICULAR PURPOSE.

configure:3613: $? = 0
configure:3615: g++ -v </dev/null >&5
Using built-in specs.
COLLECT_GCC=g++
COLLECT_LTO_WRAPPER=/usr/lib/gcc/x86_64-pc-linux-gnu/15.2.1/lto-wrapper
Target: x86_64-pc-linux-gnu
Configured with: /build/gcc/src/gcc/configure --enable-languages=ada,c,c++,d,fortran,go,lto,m2,objc,obj-c++,rust,cobol --enable-bootstrap --prefix=/usr --libdir=/usr/lib --libexecdir=/usr/lib --mandir=/usr/share/man --infodir=/usr/share/info --with-bugurl=https://gitlab.archlinux.org/archlinux/packaging/packages/gcc/-/issues --with-build-config=bootstrap-lto --with-linker-hash-style=gnu --with-system-zlib --enable-__cxa_atexit --enable-cet=auto --enable-checking=release --enable-clocale=gnu --enable-default-pie --enable-default-ssp --enable-gnu-indirect-function --enable-gnu-unique-object --enable-libstdcxx-backtrace --enable-link-serialization=1 --enable-linker-build-id --enable-lto --enable-multilib --enable-plugin --enable-shared --enable-threads=posix --disable-libssp --disable-libstdcxx-pch --disable-werror
Thread model: posix
Supported LTO compression algorithms: zlib zstd
gcc version 15.2.1 20260209 (GCC) 
configure:3618: $? = 0
configure:3620: g++ -V </dev/null >&5
g++: error: unrecognized command-line option '-V'
g++: fatal error: no input files
compilation terminated.
configure:3623: $? = 1
configure:3626: checking whether we are using the GNU C++ compiler
configure:3647: g++ -c   conftest.cc >&5
configure:3650: $? = 0
configure:3653: test -s conftest.o
configure:3656: $? = 0
configure:3668: result: yes
configure:3674: checking whether g++ accepts -g
configure:3692: g++ -c -g  conftest.cc >&5
configure:3695: $? = 0
configure:3698: test -s conftest.o
configure:3701: $? = 0
configure:3711: result: yes
configure:3751: g++ -c -g -O2  conftest.cc >&5
configure:3754: $? = 0
configure:3757: test -s conftest.o
configure:3760: $? = 0
configure:3782: g++ -c -g -O2  conftest.cc >&5
configure: In function 'int main()':
configure:3775:1: error: 'exit' was not declared in this scope
 3775 | {
      | ^   
configure:3771:1: note: 'exit' is defined in header '<cstdlib>'; this is probably fixable by adding '#include <cstdlib>'
 3770 | #line 3770 "configure"
  +++ |+#include <cstdlib>
 3771 | #include "confdefs.h"
configure:3785: $? = 1
configure: failed program was:
#line 3770 "configure"
#include "confdefs.h"

int
main (void)
{
exit (42);
  ;
  return 0;
}
configure:3751: g++ -c -g -O2  conftest.cc >&5
configure:3754: $? = 0
configure:3757: test -s conftest.o
configure:3760: $? = 0
configure:3782: g++ -c -g -O2  conftest.cc >&5
configure:3785: $? = 0
configure:3788: test -s conftest.o
configure:3791: $? = 0
configure:3825: checking if g++ works
configure:3850: g++ -c -g -O2  -I/home/alxd/narnia/termai/vendor/ncurses-src/../ncurses-install/include conftest.cc >&5
configure:3853: $? = 0
configure:3856: test -s conftest.o
configure:3859: $? = 0
configure:3870: result: yes
configure:3890: checking for g++
configure:3907: found /usr/bin/g++
configure:3918: result: /usr/bin/g++
configure:3937: checking version of /usr/bin/g++
configure:3945: result: 15.2.1
configure:3958: checking if you want to build C++ binding and demo
configure:3968: result: yes
configure:3971: checking if you want to build with Ada
configure:3973: result: yes
configure:3976: checking if you want to install terminal database
configure:3986: result: yes
configure:3989: checking if you want to install manpages
configure:3999: result: yes
configure:4002: checking if you want to build programs such as tic
configure:4012: result: yes
configure:4015: checking if you want to build test-programs
configure:4025: result: no
configure:4028: checking if you wish to install curses.h
configure:4038: result: yes
configure:4062: checking for mawk
configure:4088: result: no
configure:4062: checking for gawk
configure:4077: found /usr/bin/gawk
configure:4085: result: gawk
configure:4122: checking for a BSD compatible install
configure:4171: result: /usr/bin/install -c
configure:4205: checking for lint
configure:4220: found /opt/android-sdk/cmdline-tools/latest/bin/lint
configure:4228: result: lint
configure:4247: checking whether ln -s works
configure:4251: result: yes
configure:4258: checking if ln -s -f options work
configure:4270: result: yes
configure:4275: checking for long file names
configure:4314: result: yes
configure:4343: checking if you want to use pkg-config
configure:4353: result: yes
configure:4405: checking for pkg-config
configure:4422: found /usr/bin/pkg-config
configure:4434: result: /usr/bin/pkg-config
configure:4495: checking for /usr/bin/pkg-config library directory
configure:4538: result: auto
configure:4542: checking for search-list
configure:4577: result: /usr/lib/pkgconfig /usr/share/pkgconfig
configure:4589: checking for first directory
configure:4600: result: /usr/lib/pkgconfig
configure:4640: checking if we should install .pc files for /usr/bin/pkg-config
configure:4654: result: no
configure:4726: checking if we should assume mixed-case filenames
configure:4736: result: auto
configure:4740: checking if filesystem supports mixed-case filenames
configure:4767: result: yes
configure:4786: checking whether make sets ${MAKE}
configure:4806: result: yes
configure:4815: checking for ".PHONY" make-support
** making always.out 1
echo 1 > always.out
** making always 1
** making once.out 1
echo 1 > once.out
** making once 1
make: Nothing to be done for 'always'.
touch once
** making always.out 2
echo 2 > always.out
** making always 2
** making once.out 2
echo 2 > once.out
** making once 2
make: Nothing to be done for 'always'.
touch once
** making always.out 3
echo 3 > always.out
** making always 3
** making once.out 3
echo 3 > once.out
** making once 3
make: Nothing to be done for 'always'.
touch once
configure:4870: result: yes
configure:4881: checking for exctags
configure:4907: result: no
configure:4881: checking for ctags
configure:4907: result: no
configure:4918: checking for exetags
configure:4944: result: no
configure:4918: checking for etags
configure:4944: result: no
configure:4953: checking for ctags
configure:4977: result: no
configure:4987: checking for etags
configure:5011: result: no
configure:5072: checking for ranlib
configure:5087: found /usr/bin/ranlib
configure:5096: result: ranlib
configure:5146: checking for ld
configure:5161: found /usr/bin/ld
configure:5170: result: ld
configure:5220: checking for ar
configure:5235: found /usr/bin/ar
configure:5244: result: ar
configure:5294: checking for nm
configure:5309: found /usr/bin/nm
configure:5318: result: nm
configure:5368: checking for ar
configure:5392: result: ar
configure:5404: checking for options to update archives
configure:5444: gcc -c -g -O2  conftest.c >&5
configure:5447: $? = 0
ar  -curvU conftest.a conftest.o
configure:5468: result: -curvU
configure:5479: checking for an installation directory prefix
configure:5492: result: (none)
configure:5498: checking if installation directory prefix should be merged
configure:5515: result: no
configure:5736: checking if libtool -version-number should be used
configure:5753: result: yes
configure:5802: checking if you want to build libraries with libtool
configure:5812: result: no
configure:6122: checking if you want to build shared libraries
configure:6132: result: yes
configure:6136: checking if you want to build static libraries
configure:6146: result: yes
configure:6150: checking if you want to build debug libraries
configure:6160: result: yes
configure:6164: checking if you want to build profiling libraries
configure:6174: result: no
configure:6182: checking if you want to build C++ shared libraries
configure:6192: result: no
configure:6199: checking for specified models
configure:6203: result:  shared normal debug
configure:6208: checking for default model
configure:6211: result: shared
configure:6225: checking if you want to have a library-prefix
configure:6235: result: auto
configure:6266: checking for PATH separator
configure:6273: result: :
configure:6277: checking for ANSI C header files
configure:6291: gcc -E  conftest.c
configure:6297: $? = 0
configure:6384: gcc -o conftest -g -O2   conftest.c  >&5
configure:6387: $? = 0
configure:6389: ./conftest
configure:6392: $? = 0
configure:6405: result: yes
configure:6421: checking for sys/types.h
configure:6433: gcc -c -g -O2  conftest.c >&5
configure:6436: $? = 0
configure:6439: test -s conftest.o
configure:6442: $? = 0
configure:6452: result: yes
configure:6421: checking for sys/stat.h
configure:6433: gcc -c -g -O2  conftest.c >&5
configure:6436: $? = 0
configure:6439: test -s conftest.o
configure:6442: $? = 0
configure:6452: result: yes
configure:6421: checking for stdlib.h
configure:6433: gcc -c -g -O2  conftest.c >&5
configure:6436: $? = 0
configure:6439: test -s conftest.o
configure:6442: $? = 0
configure:6452: result: yes
configure:6421: checking for string.h
configure:6433: gcc -c -g -O2  conftest.c >&5
configure:6436: $? = 0
configure:6439: test -s conftest.o
configure:6442: $? = 0
configure:6452: result: yes
configure:6421: checking for memory.h
configure:6433: gcc -c -g -O2  conftest.c >&5
configure:6436: $? = 0
configure:6439: test -s conftest.o
configure:6442: $? = 0
configure:6452: result: yes
configure:6421: checking for strings.h
configure:6433: gcc -c -g -O2  conftest.c >&5
configure:6436: $? = 0
configure:6439: test -s conftest.o
configure:6442: $? = 0
configure:6452: result: yes
configure:6421: checking for inttypes.h
configure:6433: gcc -c -g -O2  conftest.c >&5
configure:6436: $? = 0
configure:6439: test -s conftest.o
configure:6442: $? = 0
configure:6452: result: yes
configure:6421: checking for stdint.h
configure:6433: gcc -c -g -O2  conftest.c >&5
configure:6436: $? = 0
configure:6439: test -s conftest.o
configure:6442: $? = 0
configure:6452: result: yes
configure:6421: checking for unistd.h
configure:6433: gcc -c -g -O2  conftest.c >&5
configure:6436: $? = 0
configure:6439: test -s conftest.o
configure:6442: $? = 0
configure:6452: result: yes
configure:6462: checking whether exit is declared
configure:6483: gcc -c -g -O2  conftest.c >&5
configure:6486: $? = 0
configure:6489: test -s conftest.o
configure:6492: $? = 0
configure:6502: result: yes
configure:6508: checking for dirent.h that defines DIR
configure:6529: gcc -c -g -O2  conftest.c >&5
configure:6532: $? = 0
configure:6535: test -s conftest.o
configure:6538: $? = 0
configure:6548: result: yes
configure:6561: checking for opendir in -ldir
configure:6588: gcc -o conftest -g -O2   conftest.c -ldir   >&5
/usr/bin/ld: cannot find -ldir: No such file or directory
collect2: error: ld returned 1 exit status
configure:6591: $? = 1
configure: failed program was:
#line 6569 "configure"
#include "confdefs.h"

/* Override any gcc2 internal prototype to avoid an error.  */
#ifdef __cplusplus
extern "C"
#endif
/* We use char because int might match the return type of a gcc2
   builtin and then its argument prototype would still apply.  */
char opendir (void);
int
main (void)
{
opendir ();
  ;
  return 0;
}
configure:6608: result: no
configure:6672: checking if you want to build a separate terminfo library
configure:6682: result: yes
configure:6685: checking if you want to build a separate tic library
configure:6695: result: no
configure:6708: checking for default loader flags
configure:6717: result: (none)
configure:6723: checking if rpath option should be used
configure:6733: result: no
configure:6736: checking if shared libraries should be relinked during install
configure:6746: result: yes
configure:6867: checking whether to use release or ABI version in shared library file names
configure:6893: result: auto
configure:6916: checking which gcc option to use
configure:6935: gcc -c -g -O2 -fPIC  conftest.c >&5
configure:6938: $? = 0
configure:6941: test -s conftest.o
configure:6944: $? = 0
configure:6953: result: -fPIC
configure:7521: testing CC_SHARED_OPTS: -fPIC ...
configure:7525: testing MK_SHARED_LIB:  ${CC} ${LDFLAGS} ${CFLAGS} -shared -Wl,-soname,`basename $@ .${REL_VERSION}`.${ABI_VERSION},-stats,-lc -o $@ ...
configure:7583: checking if current CFLAGS link properly
configure:7598: gcc -o conftest -g -O2   conftest.c  >&5
configure:7601: $? = 0
configure:7604: test -s conftest
configure:7607: $? = 0
configure:7616: result: yes
configure:7630: checking if versioned-symbols file should be used
configure:7659: result: no
configure:7784: checking if you want to link with the GPM mouse library
configure:7794: result: maybe
configure:7798: checking for gpm.h
configure:7808: gcc -E  conftest.c
configure:7814: $? = 0
configure:7833: result: yes
configure:7852: checking for Gpm_Open in -lgpm
configure:7879: gcc -o conftest -g -O2   conftest.c -lgpm   >&5
configure:7882: $? = 0
configure:7885: test -s conftest
configure:7888: $? = 0
configure:7899: result: yes
configure:7930: checking if you want to load GPM dynamically
configure:7940: result: yes
configure:7945: checking for dlsym
configure:7982: gcc -o conftest -g -O2   conftest.c  >&5
configure:7985: $? = 0
configure:7988: test -s conftest
configure:7991: $? = 0
configure:8001: result: yes
configure:8084: checking whether able to link to dl*() functions
configure:8108: gcc -o conftest -g -O2   conftest.c  >&5
configure:8111: $? = 0
configure:8114: test -s conftest
configure:8117: $? = 0
configure:8133: result: ok
configure:8149: checking for soname of gpm library
configure:8183: gcc -c -g -O2  conftest.c >&5
configure:8186: $? = 0
configure:8188: gcc -o conftest -g -O2   conftest.c -lgpm  >&5
configure:8191: $? = 0
configure:8202: result: libgpm.so.2
configure:8270: checking for Gpm_Wgetch in -lgpm
configure:8297: gcc -o conftest -g -O2   conftest.c -lgpm   >&5
configure:8300: $? = 0
configure:8303: test -s conftest
configure:8306: $? = 0
configure:8317: result: yes
configure:8321: checking if GPM is weakly bound to curses library
configure:8345: gcc -c -g -O2  conftest.c >&5
configure:8348: $? = 0
configure:8350: gcc -o conftest -g -O2   conftest.c -static -lgpm -dynamic  >&5
cc1: warning: unrecognized gcc debugging option: y
cc1: warning: unrecognized gcc debugging option: n
cc1: warning: unrecognized gcc debugging option: m
cc1: warning: unrecognized gcc debugging option: i
cc1: warning: unrecognized gcc debugging option: c
/usr/bin/ld: cannot find -lgpm: No such file or directory
/usr/bin/ld: have you installed the static version of the gpm library ?
collect2: error: ld returned 1 exit status
configure:8353: $? = 1
configure:8365: result: unknown
configure:8369: WARNING: GPM library is already linked with curses - read the FAQ
configure:8377: checking if you want to use PCRE2 for regular-expressions
configure:8386: result: no
configure:8891: checking if you want to disable library suffixes
configure:8908: result: no
configure:9177: checking if you want to disable extra LDFLAGS for package-scripts
configure:9194: result: no
configure:9202: checking for extra suffix to append to header/library paths
configure:9221: result: (none)
configure:9225: checking if you wish to install ncurses overwriting curses
configure:9235: result: no
configure:9238: checking if external terminfo-database is used
configure:9248: result: yes
configure:9264: checking which terminfo source-file will be installed
configure:9272: result: ${top_srcdir}/misc/terminfo.src
configure:9275: checking whether to use hashed database instead of directory/tree
configure:9285: result: no
configure:9291: checking for list of fallback terminal descriptions
configure:9301: result: (none)
configure:9360: checking for tic
configure:9375: found /usr/bin/tic
configure:9383: result: tic
configure:9433: checking for infocmp
configure:9448: found /usr/bin/infocmp
configure:9456: result: infocmp
configure:9791: checking if you want modern xterm or antique
configure:9805: result: xterm-new
configure:9818: checking if xterm backspace-key sends BS or DEL
configure:9842: result: DEL
configure:9858: checking for list of terminfo directories
configure:9919: result: /home/alxd/narnia/termai/vendor/ncurses-src/../ncurses-install/share/terminfo
configure:9934: checking for default terminfo directory
configure:9977: result: /home/alxd/narnia/termai/vendor/ncurses-src/../ncurses-install/share/terminfo
configure:9988: checking if big-core option selected
configure:10014: gcc -o conftest -g -O2   conftest.c  >&5
configure:10017: $? = 0
configure:10019: ./conftest
configure:10022: $? = 0
configure:10034: result: yes
configure:10044: checking if big-strings option selected
configure:10068: result: yes
configure:10075: checking if you want termcap-fallback support
configure:10085: result: no
configure:10217: checking if ~/.terminfo is wanted
configure:10227: result: yes
configure:10234: checking for conventional multiuser system
configure:10255: result: yes
configure:10260: checking if you want to permit root to use ncurses environment variables
configure:10270: result: yes
configure:10277: checking if you want to permit setuid programs to access all files
configure:10287: result: yes
configure:10294: checking if you want to permit setuid use of ncurses environment variables
configure:10304: result: yes
configure:10328: checking for unistd.h
configure:10363: result: yes
configure:10378: checking for remove
configure:10415: gcc -o conftest -g -O2   conftest.c  >&5
configure:10418: $? = 0
configure:10421: test -s conftest
configure:10424: $? = 0
configure:10434: result: yes
configure:10378: checking for unlink
configure:10415: gcc -o conftest -g -O2   conftest.c  >&5
configure:10418: $? = 0
configure:10421: test -s conftest
configure:10424: $? = 0
configure:10434: result: yes
configure:10518: checking if link/symlink functions work
configure:10565: gcc -o conftest -g -O2   conftest.c  >&5
configure:10568: $? = 0
configure:10570: ./conftest
configure:10573: $? = 0
configure:10565: gcc -o conftest -g -O2   conftest.c  >&5
configure:10568: $? = 0
configure:10570: ./conftest
configure:10573: $? = 0
configure:10591: result:  link symlink
configure:10611: checking if tic should use symbolic links
configure:10621: result: no
configure:10628: checking if tic should use hard links
configure:10635: result: yes
configure:10651: checking if you want broken-linker support code
configure:10661: result: no
configure:10675: checking if tputs should process BSD-style prefix padding
configure:10685: result: no
configure:10704: checking if the POSIX test-macros are already defined
configure:10730: gcc -c -g -O2  conftest.c >&5
configure:10733: $? = 0
configure:10736: test -s conftest.o
configure:10739: $? = 0
configure:10750: result: no
configure:10792: checking if this is the GNU C library
configure:10818: gcc -c -g -O2  conftest.c >&5
configure:10821: $? = 0
configure:10824: test -s conftest.o
configure:10827: $? = 0
configure:10838: result: yes
configure:10846: checking if _DEFAULT_SOURCE can be used as a basis
configure:10877: gcc -c -g -O2 -D_DEFAULT_SOURCE conftest.c >&5
configure:10880: $? = 0
configure:10883: test -s conftest.o
configure:10886: $? = 0
configure:10898: result: yes
configure:10903: checking if _XOPEN_SOURCE=600 works with _DEFAULT_SOURCE
configure:11028: gcc -c -g -O2 -D_DEFAULT_SOURCE -D_XOPEN_SOURCE=600 conftest.c >&5
configure:11031: $? = 0
configure:11034: test -s conftest.o
configure:11037: $? = 0
configure:11048: result: yes
configure:12306: checking if _XOPEN_SOURCE really is set
configure:12324: gcc -c -g -O2 -D_DEFAULT_SOURCE -D_XOPEN_SOURCE=600 conftest.c >&5
configure:12327: $? = 0
configure:12330: test -s conftest.o
configure:12333: $? = 0
configure:12342: result: yes
configure:12362: gcc -c -g -O2 -D_DEFAULT_SOURCE -D_XOPEN_SOURCE=600 conftest.c >&5
configure:12365: $? = 0
configure:12368: test -s conftest.o
configure:12371: $? = 0
configure:12626: checking if SIGWINCH is defined
configure:12648: gcc -c -g -O2 -D_DEFAULT_SOURCE -D_XOPEN_SOURCE=600 conftest.c >&5
configure:12651: $? = 0
configure:12654: test -s conftest.o
configure:12657: $? = 0
configure:12705: result: yes
configure:12775: checking for nl_langinfo and CODESET
configure:12795: gcc -o conftest -g -O2 -D_DEFAULT_SOURCE -D_XOPEN_SOURCE=600  conftest.c  >&5
configure:12798: $? = 0
configure:12801: test -s conftest
configure:12804: $? = 0
configure:12815: result: yes
configure:12829: checking if you want wide-character code
configure:12839: result: yes
configure:12874: checking for wchar.h
configure:12884: gcc -E -D_DEFAULT_SOURCE -D_XOPEN_SOURCE=600 conftest.c
configure:12890: $? = 0
configure:12909: result: yes
configure:12874: checking for wctype.h
configure:12884: gcc -E -D_DEFAULT_SOURCE -D_XOPEN_SOURCE=600 conftest.c
configure:12890: $? = 0
configure:12909: result: yes
configure:12919: checking if wchar.h can be used as is
configure:12948: gcc -c -g -O2 -D_DEFAULT_SOURCE -D_XOPEN_SOURCE=600 conftest.c >&5
configure:12951: $? = 0
configure:12954: test -s conftest.o
configure:12957: $? = 0
configure:12967: result: yes
configure:13063: checking if wcwidth agrees graphics are single-width
configure:13179: gcc -o conftest -g -O2 -D_DEFAULT_SOURCE -D_XOPEN_SOURCE=600  conftest.c  >&5
configure:13182: $? = 0
configure:13184: ./conftest
	-	VT100 symbols
1	0x250c	upper left corner
1	0x2514	lower left corner
1	0x2510	upper right corner
1	0x2518	lower right corner
1	0x251c	tee pointing left
1	0x2524	tee pointing right
1	0x2534	tee pointing up
1	0x252c	tee pointing down
1	0x2500	horizontal line
1	0x2502	vertical line
1	0x253c	large plus or crossover
1	0x23ba	scan line 1
1	0x23bd	scan line 9
1	0x25c6	diamond
1	0x2592	checker board (stipple)
1	0x00b0	degree symbol
1	0x00b1	plus/minus
1	0x00b7	bullet
	-	Teletype 5410v1 symbols
1	0x2190	arrow pointing left
1	0x2192	arrow pointing right
1	0x2193	arrow pointing down
1	0x2191	arrow pointing up
1	0x2592	board of squares
1	0x2603	lantern symbol
1	0x25ae	solid square block
	-	these defaults were invented for ncurses
1	0x23bb	scan line 3
1	0x23bc	scan line 7
1	0x2264	less-than-or-equal-to
1	0x2265	greater-than-or-equal-to
1	0x03c0	greek pi
1	0x2260	not-equal
1	0x00a3	pound-sterling symbol
	-	thick-line-drawing
1	0x250f	upper left corner
1	0x2517	lower left corner
1	0x2513	upper right corner
1	0x251b	lower right corner
1	0x2523	tee pointing left
1	0x252b	tee pointing right
1	0x253b	tee pointing up
1	0x2533	tee pointing down
1	0x2501	horizontal line
1	0x2503	vertical line
1	0x254b	large plus or crossover
	-	double-line-drawing
1	0x2554	upper left corner
1	0x255a	lower left corner
1	0x2557	upper right corner
1	0x255d	lower right corner
1	0x2563	tee pointing left
1	0x2560	tee pointing right
1	0x2569	tee pointing up
1	0x2566	tee pointing down
1	0x2550	horizontal line
1	0x2551	vertical line
1	0x256c	large plus or crossover
54/54 passed wcwidth/graphics check
configure:13187: $? = 0
configure:13200: result: yes
configure:13211: checking for putwc
configure:13248: gcc -o conftest -g -O2 -D_DEFAULT_SOURCE -D_XOPEN_SOURCE=600  conftest.c  >&5
configure:13251: $? = 0
configure:13254: test -s conftest
configure:13257: $? = 0
configure:13267: result: yes
configure:13211: checking for btowc
configure:13248: gcc -o conftest -g -O2 -D_DEFAULT_SOURCE -D_XOPEN_SOURCE=600  conftest.c  >&5
configure:13251: $? = 0
configure:13254: test -s conftest
configure:13257: $? = 0
configure:13267: result: yes
configure:13211: checking for wctob
configure:13248: gcc -o conftest -g -O2 -D_DEFAULT_SOURCE -D_XOPEN_SOURCE=600  conftest.c  >&5
configure:13251: $? = 0
configure:13254: test -s conftest
configure:13257: $? = 0
configure:13267: result: yes
configure:13211: checking for wmemchr
configure:13248: gcc -o conftest -g -O2 -D_DEFAULT_SOURCE -D_XOPEN_SOURCE=600  conftest.c  >&5
configure:13251: $? = 0
configure:13254: test -s conftest
configure:13257: $? = 0
configure:13267: result: yes
configure:13211: checking for mbtowc
configure:13248: gcc -o conftest -g -O2 -D_DEFAULT_SOURCE -D_XOPEN_SOURCE=600  conftest.c  >&5
configure:13251: $? = 0
configure:13254: test -s conftest
configure:13257: $? = 0
configure:13267: result: yes
configure:13211: checking for wctomb
configure:13248: gcc -o conftest -g -O2 -D_DEFAULT_SOURCE -D_XOPEN_SOURCE=600  conftest.c  >&5
configure:13251: $? = 0
configure:13254: test -s conftest
configure:13257: $? = 0
configure:13267: result: yes
configure:13211: checking for mblen
configure:13248: gcc -o conftest -g -O2 -D_DEFAULT_SOURCE -D_XOPEN_SOURCE=600  conftest.c  >&5
configure:13251: $? = 0
configure:13254: test -s conftest
configure:13257: $? = 0
configure:13267: result: yes
configure:13211: checking for mbrlen
configure:13248: gcc -o conftest -g -O2 -D_DEFAULT_SOURCE -D_XOPEN_SOURCE=600  conftest.c  >&5
configure:13251: $? = 0
configure:13254: test -s conftest
configure:13257: $? = 0
configure:13267: result: yes
configure:13211: checking for mbrtowc
configure:13248: gcc -o conftest -g -O2 -D_DEFAULT_SOURCE -D_XOPEN_SOURCE=600  conftest.c  >&5
configure:13251: $? = 0
configure:13254: test -s conftest
configure:13257: $? = 0
configure:13267: result: yes
configure:13211: checking for wcsrtombs
configure:13248: gcc -o conftest -g -O2 -D_DEFAULT_SOURCE -D_XOPEN_SOURCE=600  conftest.c  >&5
configure:13251: $? = 0
configure:13254: test -s conftest
configure:13257: $? = 0
configure:13267: result: yes
configure:13211: checking for mbsrtowcs
configure:13248: gcc -o conftest -g -O2 -D_DEFAULT_SOURCE -D_XOPEN_SOURCE=600  conftest.c  >&5
configure:13251: $? = 0
configure:13254: test -s conftest
configure:13257: $? = 0
configure:13267: result: yes
configure:13211: checking for wcstombs
configure:13248: gcc -o conftest -g -O2 -D_DEFAULT_SOURCE -D_XOPEN_SOURCE=600  conftest.c  >&5
configure:13251: $? = 0
configure:13254: test -s conftest
configure:13257: $? = 0
configure:13267: result: yes
configure:13211: checking for mbstowcs
configure:13248: gcc -o conftest -g -O2 -D_DEFAULT_SOURCE -D_XOPEN_SOURCE=600  conftest.c  >&5
configure:13251: $? = 0
configure:13254: test -s conftest
configure:13257: $? = 0
configure:13267: result: yes
configure:13211: checking for wcwidth
configure:13248: gcc -o conftest -g -O2 -D_DEFAULT_SOURCE -D_XOPEN_SOURCE=600  conftest.c  >&5
configure:13251: $? = 0
configure:13254: test -s conftest
configure:13257: $? = 0
configure:13267: result: yes
configure:13893: checking if we must include wchar.h to declare mbstate_t
configure:13918: gcc -c -g -O2 -D_DEFAULT_SOURCE -D_XOPEN_SOURCE=600 conftest.c >&5
configure: In function 'main':
configure:13911:1: error: unknown type name 'mbstate_t'
13911 | {
      | ^        
configure:13921: $? = 1
configure: failed program was:
#line 13900 "configure"
#include "confdefs.h"

#include <stdlib.h>
#include <stdarg.h>
#include <stdio.h>
#ifdef HAVE_LIBUTF8_H
#include <libutf8.h>
#endif
int
main (void)
{
mbstate_t state; (void)state
  ;
  return 0;
}
configure:13953: gcc -c -g -O2 -D_DEFAULT_SOURCE -D_XOPEN_SOURCE=600 conftest.c >&5
configure:13956: $? = 0
configure:13959: test -s conftest.o
configure:13962: $? = 0
configure:13974: result: yes
configure:13992: checking if we must include wchar.h to declare wchar_t
configure:14017: gcc -c -g -O2 -D_DEFAULT_SOURCE -D_XOPEN_SOURCE=600 conftest.c >&5
configure:14020: $? = 0
configure:14023: test -s conftest.o
configure:14026: $? = 0
configure:14073: result: no
configure:14096: checking if we must include wchar.h to declare wint_t
configure:14121: gcc -c -g -O2 -D_DEFAULT_SOURCE -D_XOPEN_SOURCE=600 conftest.c >&5
configure: In function 'main':
configure:14114:1: error: unknown type name 'wint_t'; did you mean 'int8_t'?
14114 | {
      | ^     
      | int8_t
configure:14124: $? = 1
configure: failed program was:
#line 14103 "configure"
#include "confdefs.h"

#include <stdlib.h>
#include <stdarg.h>
#include <stdio.h>
#ifdef HAVE_LIBUTF8_H
#include <libutf8.h>
#endif
int
main (void)
{
wint_t state; (void)state
  ;
  return 0;
}
configure:14156: gcc -c -g -O2 -D_DEFAULT_SOURCE -D_XOPEN_SOURCE=600 conftest.c >&5
configure:14159: $? = 0
configure:14162: test -s conftest.o
configure:14165: $? = 0
configure:14177: result: yes
configure:14209: checking whether to enable _LP64 definition in curses.h
configure:14219: result: yes
configure:14235: checking for special C compiler options needed for large files
configure:14309: result: no
configure:14315: checking for _FILE_OFFSET_BITS value needed for large files
configure:14343: gcc -c -g -O2 -D_DEFAULT_SOURCE -D_XOPEN_SOURCE=600 conftest.c >&5
configure:14346: $? = 0
configure:14349: test -s conftest.o
configure:14352: $? = 0
configure:14402: result: no
configure:14412: checking for _LARGE_FILES value needed for large files
configure:14440: gcc -c -g -O2 -D_DEFAULT_SOURCE -D_XOPEN_SOURCE=600 conftest.c >&5
configure:14443: $? = 0
configure:14446: test -s conftest.o
configure:14449: $? = 0
configure:14499: result: no
configure:14512: checking for _LARGEFILE_SOURCE value needed for large files
configure:14535: gcc -c -g -O2 -D_DEFAULT_SOURCE -D_XOPEN_SOURCE=600 conftest.c >&5
configure:14538: $? = 0
configure:14541: test -s conftest.o
configure:14544: $? = 0
configure:14589: result: no
configure:14603: checking for fseeko
configure:14623: gcc -o conftest -g -O2 -D_DEFAULT_SOURCE -D_XOPEN_SOURCE=600  conftest.c  >&5
configure:14626: $? = 0
configure:14629: test -s conftest
configure:14632: $? = 0
configure:14642: result: yes
configure:14681: checking whether to use struct dirent64
configure:14715: gcc -c -g -O2 -D_DEFAULT_SOURCE -D_XOPEN_SOURCE=600 conftest.c >&5
configure: In function 'main':
configure:14704:38: error: initialization of 'struct dirent64 *' from incompatible pointer type 'struct dirent *' [-Wincompatible-pointer-types]
14704 |                 DIR *dp = opendir(".");
      |                                      ^~     
configure:14706:27: error: invalid operands to binary - (have 'struct dirent64 *' and 'struct dirent *')
14706 |                 struct dirent *y = readdir(dp);
      |                           ^
configure:14718: $? = 1
configure: failed program was:
#line 14688 "configure"
#include "confdefs.h"

#pragma GCC diagnostic error "-Wincompatible-pointer-types"
#include <sys/types.h>
#include <dirent.h>

#ifndef __REDIRECT
/* if transitional largefile support is setup, this is true */
extern struct dirent64 * readdir(DIR *);
#endif

int
main (void)
{

		DIR *dp = opendir(".");
		struct dirent64 *x = readdir(dp);
		struct dirent *y = readdir(dp);
		int z = x - y;
		(void)z;

  ;
  return 0;
}
configure:14735: result: no
configure:14745: checking if you want tparm not to use X/Open fixed-parameter list
configure:14755: result: yes
configure:14779: checking if you want to enable wattr* macros
configure:14791: result: no
configure:14799: checking for X11 rgb file
configure:14869: result: ${exec_prefix}/lib/X11/rgb.txt
configure:14884: checking for type of bool
configure:14894: result: auto
configure:14904: checking for alternate terminal capabilities file
configure:14920: result: Caps
configure:14925: checking for type of chtype
configure:14935: result: uint32_t
configure:14947: checking for type of ospeed
configure:14957: result: short
configure:14969: checking for type of mmask-t
configure:14979: result: uint32_t
configure:14998: checking for size CCHARW_MAX
configure:15008: result: 5
configure:15011: checking for signed char
configure:15032: gcc -c -g -O2 -D_DEFAULT_SOURCE -D_XOPEN_SOURCE=600 conftest.c >&5
configure:15035: $? = 0
configure:15038: test -s conftest.o
configure:15041: $? = 0
configure:15051: result: yes
configure:15054: checking size of signed char
configure:15218: gcc -o conftest -g -O2 -D_DEFAULT_SOURCE -D_XOPEN_SOURCE=600  conftest.c  >&5
configure:15221: $? = 0
configure:15223: ./conftest
configure:15226: $? = 0
configure:15242: result: 1
configure:15253: checking whether to use signed chars for Boolean array in term.h
configure:15263: result: no
configure:15269: checking for type of tparm-arg
configure:15279: result: intptr_t
configure:15290: checking if RCS identifiers should be compiled-in
configure:15300: result: no
configure:15310: checking if you want to build with function extensions
configure:15320: result: yes
configure:15377: checking if you want to build with SCREEN extensions
configure:15387: result: yes
configure:15415: checking if you want to build with terminal-driver
configure:15425: result: no
configure:15446: checking for extended use of const keyword
configure:15456: result: yes
configure:15466: checking if you want to use extended colors
configure:15476: result: yes
configure:15517: checking if you want to extend support for direct color
configure:15527: result: no
configure:15540: checking if you want to use extended mouse encoding
configure:15550: result: yes
configure:15577: checking if you want to use extended putwin/screendump
configure:15587: result: yes
configure:15597: checking if you want $NCURSES_NO_PADDING code
configure:15607: result: yes
configure:15615: checking if you want SIGWINCH handler
configure:15625: result: yes
configure:15640: checking if you want user-definable terminal capabilities like termcap
configure:15650: result: yes
configure:15765: checking if you want to link with the pthread library
configure:15775: result: no
configure:16117: checking if you want reentrant code
configure:16127: result: no
configure:16228: checking whether curses library structures should be opaque
configure:16250: result: yes
configure:16259: checking whether form library structures should be opaque
configure:16276: result: yes
configure:16279: checking whether menu library structures should be opaque
configure:16296: result: yes
configure:16299: checking whether panel library structures should be opaque
configure:16316: result: yes
configure:16349: checking if you want all development code
configure:16359: result: no
configure:16363: checking if you want to check screensize of serial terminals
configure:16373: result: no
configure:16381: checking if you want hard-tabs code
configure:16391: result: no
configure:16399: checking if you want limited support for xmc
configure:16409: result: no
configure:16419: checking if you do not want to assume colors are white-on-black
configure:16429: result: yes
configure:16437: checking if you want hashmap scrolling-optimization code
configure:16447: result: yes
configure:16455: checking if you want colorfgbg code
configure:16465: result: no
configure:16473: checking if you want to use gcc -fvisibility option
configure:16483: result: no
configure:16820: checking if you want interop bindings
configure:16830: result: yes
configure:16836: checking if you want experimental safe-sprintf code
configure:16846: result: no
configure:16876: checking if you want wgetch-events code
configure:16886: result: no
configure:16916: checking if you want to see long compiling messages
configure:16950: result: yes
configure:16963: checking if you want to install stripped executables
configure:16980: result: yes
configure:16991: checking if install accepts -p option
configure:17022: result: yes
configure:17025: checking if install needs to be told about ownership
configure:17036: result: no
configure:17047: checking if you want to specify strip-program
configure:17057: result: no
configure:17127: checking if you want to use C11 _Noreturn feature
configure:17144: result: no
configure:17358: checking if you want to turn on gcc warnings
configure:17375: result: no
configure:17632: checking for gcc __attribute__ directives
checking for gcc __attribute__((scanf))
configure:17687: gcc -c -g -O2 -D_DEFAULT_SOURCE -D_XOPEN_SOURCE=600 conftest.c >&5
configure:17690: $? = 0
checking for gcc __attribute__((printf))
configure:17687: gcc -c -g -O2 -D_DEFAULT_SOURCE -D_XOPEN_SOURCE=600 conftest.c >&5
configure:17690: $? = 0
checking for gcc __attribute__((unused))
configure:17687: gcc -c -g -O2 -D_DEFAULT_SOURCE -D_XOPEN_SOURCE=600 conftest.c >&5
configure:17690: $? = 0
checking for gcc __attribute__((noreturn))
configure:17687: gcc -c -g -O2 -D_DEFAULT_SOURCE -D_XOPEN_SOURCE=600 conftest.c >&5
configure:17690: $? = 0
configure:18054: checking if you want to work around bogus compiler/loader warnings
configure:18064: result: no
configure:18336: checking if you want to enable runtime assertions
configure:18346: result: no
configure:18362: checking if you want to use dmalloc for testing
configure:18384: result: no
configure:18599: checking if you want to use dbmalloc for testing
configure:18621: result: no
configure:18836: checking if you want to use valgrind for testing
configure:18858: result: no
configure:18971: checking if you want to perform memory-leak testing
configure:18982: result: no
configure:19034: checking whether to add trace feature to all models
configure:19044: result: no
configure:19064: checking if we want to use GNAT projects
configure:19081: result: yes
configure:19206: checking if -lm needed for math functions
configure:19229: gcc -o conftest -g -O2 -D_DEFAULT_SOURCE -D_XOPEN_SOURCE=600 -DNDEBUG  conftest.c  >&5
/usr/bin/ld: /tmp/ccDuLVek.o: in function `main':
/home/alxd/narnia/termai/vendor/ncurses-src/configure:19222:(.text.startup+0x1c): undefined reference to `sin'
/usr/bin/ld: /home/alxd/narnia/termai/vendor/ncurses-src/configure:19222:(.text.startup+0x27): undefined reference to `pow'
collect2: error: ld returned 1 exit status
configure:19232: $? = 1
configure: failed program was:
#line 19213 "configure"
#include "confdefs.h"

		#include <stdio.h>
		#include <stdlib.h>
		#include <math.h>

int
main (void)
{
double x = rand(); printf("result = %g\n", pow(sin(x),x))
  ;
  return 0;
}
configure:19248: result: yes
configure:19256: checking if -lm is available for math functions
configure:19279: gcc -o conftest -g -O2 -D_DEFAULT_SOURCE -D_XOPEN_SOURCE=600 -DNDEBUG  conftest.c  -lm >&5
configure:19282: $? = 0
configure:19285: test -s conftest
configure:19288: $? = 0
configure:19298: result: yes
configure:19320: checking whether time.h and sys/time.h may both be included
configure:19342: gcc -c -g -O2 -D_DEFAULT_SOURCE -D_XOPEN_SOURCE=600 -DNDEBUG conftest.c >&5
configure:19345: $? = 0
configure:19348: test -s conftest.o
configure:19351: $? = 0
configure:19361: result: yes
configure:19729: checking for regcomp
configure:19766: gcc -o conftest -g -O2 -D_DEFAULT_SOURCE -D_XOPEN_SOURCE=600 -DNDEBUG  conftest.c  >&5
configure:19769: $? = 0
configure:19772: test -s conftest
configure:19775: $? = 0
configure:19785: result: yes
configure:20014: checking for regular-expression headers
configure:20090: gcc -o conftest -g -O2 -D_DEFAULT_SOURCE -D_XOPEN_SOURCE=600 -DNDEBUG  conftest.c  >&5
configure:20093: $? = 0
configure:20096: test -s conftest
configure:20099: $? = 0
configure:20115: result: regex.h
configure:20160: checking for alloca.h
configure:20170: gcc -E -D_DEFAULT_SOURCE -D_XOPEN_SOURCE=600 -DNDEBUG conftest.c
configure:20176: $? = 0
configure:20195: result: yes
configure:20160: checking for fcntl.h
configure:20170: gcc -E -D_DEFAULT_SOURCE -D_XOPEN_SOURCE=600 -DNDEBUG conftest.c
configure:20176: $? = 0
configure:20195: result: yes
configure:20160: checking for getopt.h
configure:20170: gcc -E -D_DEFAULT_SOURCE -D_XOPEN_SOURCE=600 -DNDEBUG conftest.c
configure:20176: $? = 0
configure:20195: result: yes
configure:20160: checking for limits.h
configure:20170: gcc -E -D_DEFAULT_SOURCE -D_XOPEN_SOURCE=600 -DNDEBUG conftest.c
configure:20176: $? = 0
configure:20195: result: yes
configure:20160: checking for locale.h
configure:20170: gcc -E -D_DEFAULT_SOURCE -D_XOPEN_SOURCE=600 -DNDEBUG conftest.c
configure:20176: $? = 0
configure:20195: result: yes
configure:20160: checking for malloc.h
configure:20170: gcc -E -D_DEFAULT_SOURCE -D_XOPEN_SOURCE=600 -DNDEBUG conftest.c
configure:20176: $? = 0
configure:20195: result: yes
configure:20160: checking for math.h
configure:20170: gcc -E -D_DEFAULT_SOURCE -D_XOPEN_SOURCE=600 -DNDEBUG conftest.c
configure:20176: $? = 0
configure:20195: result: yes
configure:20160: checking for poll.h
configure:20170: gcc -E -D_DEFAULT_SOURCE -D_XOPEN_SOURCE=600 -DNDEBUG conftest.c
configure:20176: $? = 0
configure:20195: result: yes
configure:20160: checking for sys/auxv.h
configure:20170: gcc -E -D_DEFAULT_SOURCE -D_XOPEN_SOURCE=600 -DNDEBUG conftest.c
configure:20176: $? = 0
configure:20195: result: yes
configure:20160: checking for sys/fsuid.h
configure:20170: gcc -E -D_DEFAULT_SOURCE -D_XOPEN_SOURCE=600 -DNDEBUG conftest.c
configure:20176: $? = 0
configure:20195: result: yes
configure:20160: checking for sys/ioctl.h
configure:20170: gcc -E -D_DEFAULT_SOURCE -D_XOPEN_SOURCE=600 -DNDEBUG conftest.c
configure:20176: $? = 0
configure:20195: result: yes
configure:20160: checking for sys/param.h
configure:20170: gcc -E -D_DEFAULT_SOURCE -D_XOPEN_SOURCE=600 -DNDEBUG conftest.c
configure:20176: $? = 0
configure:20195: result: yes
configure:20160: checking for sys/poll.h
configure:20170: gcc -E -D_DEFAULT_SOURCE -D_XOPEN_SOURCE=600 -DNDEBUG conftest.c
configure:20176: $? = 0
configure:20195: result: yes
configure:20160: checking for sys/select.h
configure:20170: gcc -E -D_DEFAULT_SOURCE -D_XOPEN_SOURCE=600 -DNDEBUG conftest.c
configure:20176: $? = 0
configure:20195: result: yes
configure:20160: checking for sys/time.h
configure:20170: gcc -E -D_DEFAULT_SOURCE -D_XOPEN_SOURCE=600 -DNDEBUG conftest.c
configure:20176: $? = 0
configure:20195: result: yes
configure:20160: checking for sys/times.h
configure:20170: gcc -E -D_DEFAULT_SOURCE -D_XOPEN_SOURCE=600 -DNDEBUG conftest.c
configure:20176: $? = 0
configure:20195: result: yes
configure:20160: checking for unistd.h
configure:20195: result: yes
configure:20160: checking for wctype.h
configure:20195: result: yes
configure:20208: checking for getopt.h
configure:20243: result: yes
configure:20253: checking for header declaring getopt variables
configure:20276: gcc -c -g -O2 -D_DEFAULT_SOURCE -D_XOPEN_SOURCE=600 -DNDEBUG conftest.c >&5
configure: In function 'main':
configure:20269:9: error: 'optind' undeclared (first use in this function)
20269 | {
      |         ^     
configure:20269:9: note: each undeclared identifier is reported only once for each function it appears in
configure:20269:27: error: 'optarg' undeclared (first use in this function)
20269 | {
      |                           ^     
configure:20279: $? = 1
configure: failed program was:
#line 20263 "configure"
#include "confdefs.h"

#include <stdio.h>
int
main (void)
{
int x = optind; char *y = optarg; (void)x; (void)y
  ;
  return 0;
}
configure:20276: gcc -c -g -O2 -D_DEFAULT_SOURCE -D_XOPEN_SOURCE=600 -DNDEBUG conftest.c >&5
configure: In function 'main':
configure:20269:9: error: 'optind' undeclared (first use in this function)
20269 | {
      |         ^     
configure:20269:9: note: each undeclared identifier is reported only once for each function it appears in
configure:20269:27: error: 'optarg' undeclared (first use in this function)
20269 | {
      |                           ^     
configure:20279: $? = 1
configure: failed program was:
#line 20263 "configure"
#include "confdefs.h"

#include <stdlib.h>
int
main (void)
{
int x = optind; char *y = optarg; (void)x; (void)y
  ;
  return 0;
}
configure:20276: gcc -c -g -O2 -D_DEFAULT_SOURCE -D_XOPEN_SOURCE=600 -DNDEBUG conftest.c >&5
configure:20279: $? = 0
configure:20282: test -s conftest.o
configure:20285: $? = 0
configure:20297: result: unistd.h
configure:20314: checking if external environ is declared
configure:20334: gcc -c -g -O2 -D_DEFAULT_SOURCE -D_XOPEN_SOURCE=600 -DNDEBUG conftest.c >&5
configure: In function 'main':
configure:20360:19: error: 'environ' undeclared (first use in this function)
20360 | 
      |                   ^      
configure:20360:19: note: each undeclared identifier is reported only once for each function it appears in
configure:20337: $? = 1
configure: failed program was:
#line 20321 "configure"
#include "confdefs.h"

#include <stdio.h>
#if HAVE_SYS_TYPES_H
# include <sys/types.h>
#endif
#if HAVE_SYS_STAT_H
# include <sys/stat.h>
#endif
#if STDC_HEADERS
# include <stdlib.h>
# include <stddef.h>
#else
# if HAVE_STDLIB_H
#  include <stdlib.h>
# endif
#endif
#if HAVE_STRING_H
# if !STDC_HEADERS && HAVE_MEMORY_H
#  include <memory.h>
# endif
# include <string.h>
#endif
#if HAVE_STRINGS_H
# include <strings.h>
#endif
#if HAVE_INTTYPES_H
# include <inttypes.h>
#else
# if HAVE_STDINT_H
#  include <stdint.h>
# endif
#endif
#if HAVE_UNISTD_H
# include <unistd.h>
#endif
int
main (void)
{
void* x = (void*) environ; (void)x
  ;
  return 0;
}
configure:20354: result: no
configure:20369: checking if external environ exists
configure:20391: gcc -o conftest -g -O2 -D_DEFAULT_SOURCE -D_XOPEN_SOURCE=600 -DNDEBUG  conftest.c  >&5
configure:20394: $? = 0
configure:20397: test -s conftest
configure:20400: $? = 0
configure:20411: result: yes
configure:20424: checking for getenv
configure:20461: gcc -o conftest -g -O2 -D_DEFAULT_SOURCE -D_XOPEN_SOURCE=600 -DNDEBUG  conftest.c  >&5
configure:20464: $? = 0
configure:20467: test -s conftest
configure:20470: $? = 0
configure:20480: result: yes
configure:20486: checking for putenv
configure:20523: gcc -o conftest -g -O2 -D_DEFAULT_SOURCE -D_XOPEN_SOURCE=600 -DNDEBUG  conftest.c  >&5
configure:20526: $? = 0
configure:20529: test -s conftest
configure:20532: $? = 0
configure:20542: result: yes
configure:20486: checking for setenv
configure:20523: gcc -o conftest -g -O2 -D_DEFAULT_SOURCE -D_XOPEN_SOURCE=600 -DNDEBUG  conftest.c  >&5
configure:20526: $? = 0
configure:20529: test -s conftest
configure:20532: $? = 0
configure:20542: result: yes
configure:20486: checking for strdup
configure:20523: gcc -o conftest -g -O2 -D_DEFAULT_SOURCE -D_XOPEN_SOURCE=600 -DNDEBUG  conftest.c  >&5
configure:20503:6: warning: conflicting types for built-in function 'strdup'; expected 'char *(const char *)' [-Wbuiltin-declaration-mismatch]
20503 |    builtin and then its argument prototype would still apply.  */
      |      ^~~~~~
configure:20526: $? = 0
configure:20529: test -s conftest
configure:20532: $? = 0
configure:20542: result: yes
configure:20552: checking if getenv returns consistent values
configure:20667: gcc -o conftest -g -O2 -D_DEFAULT_SOURCE -D_XOPEN_SOURCE=600 -DNDEBUG  conftest.c  >&5
configure:20670: $? = 0
configure:20672: ./conftest
configure:20675: $? = 0
configure:20688: result: yes
configure:20707: checking if sys/time.h works with sys/select.h
configure:20734: gcc -c -g -O2 -D_DEFAULT_SOURCE -D_XOPEN_SOURCE=600 -DNDEBUG conftest.c >&5
configure:20737: $? = 0
configure:20740: test -s conftest.o
configure:20743: $? = 0
configure:20755: result: yes
configure:20770: checking for an ANSI C-conforming const
configure:20838: gcc -c -g -O2 -D_DEFAULT_SOURCE -D_XOPEN_SOURCE=600 -DNDEBUG conftest.c >&5
configure:20841: $? = 0
configure:20844: test -s conftest.o
configure:20847: $? = 0
configure:20857: result: yes
configure:20867: checking for inline
configure:20884: gcc -c -g -O2 -D_DEFAULT_SOURCE -D_XOPEN_SOURCE=600 -DNDEBUG conftest.c >&5
configure:20887: $? = 0
configure:20890: test -s conftest.o
configure:20893: $? = 0
configure:20904: result: inline
configure:20930: checking if gcc supports options to tune inlining
configure:20951: gcc -c -g -O2 --param max-inline-insns-single=1200 -D_DEFAULT_SOURCE -D_XOPEN_SOURCE=600 -DNDEBUG conftest.c >&5
configure:20954: $? = 0
configure:20957: test -s conftest.o
configure:20960: $? = 0
configure:20972: result: yes
configure:21078: checking for signal global datatype
configure:21114: gcc -c -g -O2 --param max-inline-insns-single=1200 -D_DEFAULT_SOURCE -D_XOPEN_SOURCE=600 -DNDEBUG conftest.c >&5
configure:21117: $? = 0
configure:21120: test -s conftest.o
configure:21123: $? = 0
configure:21137: result: volatile sig_atomic_t
configure:21226: checking if unsigned literals are legal
configure:21245: gcc -c -g -O2 --param max-inline-insns-single=1200 -D_DEFAULT_SOURCE -D_XOPEN_SOURCE=600 -DNDEBUG conftest.c >&5
configure:21248: $? = 0
configure:21251: test -s conftest.o
configure:21254: $? = 0
configure:21266: result: yes
configure:21282: checking if external errno is declared
configure:21303: gcc -c -g -O2 --param max-inline-insns-single=1200 -D_DEFAULT_SOURCE -D_XOPEN_SOURCE=600 -DNDEBUG conftest.c >&5
configure:21306: $? = 0
configure:21309: test -s conftest.o
configure:21312: $? = 0
configure:21323: result: yes
configure:21338: checking if external errno exists
configure:21360: gcc -o conftest -g -O2 --param max-inline-insns-single=1200 -D_DEFAULT_SOURCE -D_XOPEN_SOURCE=600 -DNDEBUG  conftest.c  >&5
/usr/bin/ld: errno: TLS definition in /usr/lib/libc.so.6 section .tbss mismatches non-TLS reference in /tmp/ccfUk8ii.o
/usr/bin/ld: /usr/lib/libc.so.6: error adding symbols: bad value
collect2: error: ld returned 1 exit status
configure:21363: $? = 1
configure: failed program was:
#line 21345 "configure"
#include "confdefs.h"

#undef errno
extern int errno;

int
main (void)
{
errno = 2
  ;
  return 0;
}
configure:21380: result: no
configure:21393: checking if data-only library module links
configure:21404: gcc -c -g -O2 --param max-inline-insns-single=1200 -D_DEFAULT_SOURCE -D_XOPEN_SOURCE=600 -DNDEBUG conftest.c >&5
configure:21407: $? = 0
configure:21431: gcc -c -g -O2 --param max-inline-insns-single=1200 -D_DEFAULT_SOURCE -D_XOPEN_SOURCE=600 -DNDEBUG conftest.c >&5
configure:21434: $? = 0
configure:21458: gcc -o conftest -g -O2 --param max-inline-insns-single=1200 -D_DEFAULT_SOURCE -D_XOPEN_SOURCE=600 -DNDEBUG  conftest.c conftest.a  >&5
configure:21461: $? = 0
configure:21463: ./conftest
configure:21466: $? = 0
configure:21481: result: yes
configure:21496: checking for clock_gettime
configure:21533: gcc -o conftest -g -O2 --param max-inline-insns-single=1200 -D_DEFAULT_SOURCE -D_XOPEN_SOURCE=600 -DNDEBUG  conftest.c  >&5
configure:21536: $? = 0
configure:21539: test -s conftest
configure:21542: $? = 0
configure:21552: result: yes
configure:21616: checking if clock_gettime links
configure:21641: gcc -o conftest -g -O2 --param max-inline-insns-single=1200 -D_DEFAULT_SOURCE -D_XOPEN_SOURCE=600 -DNDEBUG  conftest.c  >&5
configure:21644: $? = 0
configure:21647: test -s conftest
configure:21650: $? = 0
configure:21661: result: yes
configure:21847: checking for fpathconf
configure:21884: gcc -o conftest -g -O2 --param max-inline-insns-single=1200 -D_DEFAULT_SOURCE -D_XOPEN_SOURCE=600 -DNDEBUG  conftest.c  >&5
configure:21887: $? = 0
configure:21890: test -s conftest
configure:21893: $? = 0
configure:21903: result: yes
configure:21847: checking for getcwd
configure:21884: gcc -o conftest -g -O2 --param max-inline-insns-single=1200 -D_DEFAULT_SOURCE -D_XOPEN_SOURCE=600 -DNDEBUG  conftest.c  >&5
configure:21887: $? = 0
configure:21890: test -s conftest
configure:21893: $? = 0
configure:21903: result: yes
configure:21847: checking for getauxval
configure:21884: gcc -o conftest -g -O2 --param max-inline-insns-single=1200 -D_DEFAULT_SOURCE -D_XOPEN_SOURCE=600 -DNDEBUG  conftest.c  >&5
configure:21887: $? = 0
configure:21890: test -s conftest
configure:21893: $? = 0
configure:21903: result: yes
configure:21847: checking for getegid
configure:21884: gcc -o conftest -g -O2 --param max-inline-insns-single=1200 -D_DEFAULT_SOURCE -D_XOPEN_SOURCE=600 -DNDEBUG  conftest.c  >&5
configure:21887: $? = 0
configure:21890: test -s conftest
configure:21893: $? = 0
configure:21903: result: yes
configure:21847: checking for geteuid
configure:21884: gcc -o conftest -g -O2 --param max-inline-insns-single=1200 -D_DEFAULT_SOURCE -D_XOPEN_SOURCE=600 -DNDEBUG  conftest.c  >&5
configure:21887: $? = 0
configure:21890: test -s conftest
configure:21893: $? = 0
configure:21903: result: yes
configure:21847: checking for getopt
configure:21884: gcc -o conftest -g -O2 --param max-inline-insns-single=1200 -D_DEFAULT_SOURCE -D_XOPEN_SOURCE=600 -DNDEBUG  conftest.c  >&5
configure:21887: $? = 0
configure:21890: test -s conftest
configure:21893: $? = 0
configure:21903: result: yes
configure:21847: checking for getuid
configure:21884: gcc -o conftest -g -O2 --param max-inline-insns-single=1200 -D_DEFAULT_SOURCE -D_XOPEN_SOURCE=600 -DNDEBUG  conftest.c  >&5
configure:21887: $? = 0
configure:21890: test -s conftest
configure:21893: $? = 0
configure:21903: result: yes
configure:21847: checking for issetugid
configure:21884: gcc -o conftest -g -O2 --param max-inline-insns-single=1200 -D_DEFAULT_SOURCE -D_XOPEN_SOURCE=600 -DNDEBUG  conftest.c  >&5
/usr/bin/ld: /tmp/ccZvjt2j.o: in function `main':
/home/alxd/narnia/termai/vendor/ncurses-src/configure:21877:(.text.startup+0x5): undefined reference to `issetugid'
collect2: error: ld returned 1 exit status
configure:21887: $? = 1
configure: failed program was:
#line 21853 "configure"
#include "confdefs.h"
#define issetugid autoconf_temporary
#include <limits.h>	/* least-intrusive standard header which defines gcc2 __stub macros */
#undef issetugid

#ifdef __cplusplus
extern "C"
#endif

/* We use char because int might match the return type of a gcc2
   builtin and then its argument prototype would still apply.  */
char issetugid (void);

int
main (void)
{

/* The GNU C library defines stubs for functions which it implements
    to always fail with ENOSYS.  Some functions are actually named
    something starting with __ and the normal name is an alias.  */
#if defined (__stub_issetugid) || defined (__stub___issetugid)
#error found stub for issetugid
#endif

	return issetugid ();
  ;
  return 0;
}
configure:21903: result: no
configure:21847: checking for localeconv
configure:21884: gcc -o conftest -g -O2 --param max-inline-insns-single=1200 -D_DEFAULT_SOURCE -D_XOPEN_SOURCE=600 -DNDEBUG  conftest.c  >&5
configure:21887: $? = 0
configure:21890: test -s conftest
configure:21893: $? = 0
configure:21903: result: yes
configure:21847: checking for poll
configure:21884: gcc -o conftest -g -O2 --param max-inline-insns-single=1200 -D_DEFAULT_SOURCE -D_XOPEN_SOURCE=600 -DNDEBUG  conftest.c  >&5
configure:21887: $? = 0
configure:21890: test -s conftest
configure:21893: $? = 0
configure:21903: result: yes
configure:21847: checking for remove
configure:21903: result: yes
configure:21847: checking for select
configure:21884: gcc -o conftest -g -O2 --param max-inline-insns-single=1200 -D_DEFAULT_SOURCE -D_XOPEN_SOURCE=600 -DNDEBUG  conftest.c  >&5
configure:21887: $? = 0
configure:21890: test -s conftest
configure:21893: $? = 0
configure:21903: result: yes
configure:21847: checking for setbuf
configure:21884: gcc -o conftest -g -O2 --param max-inline-insns-single=1200 -D_DEFAULT_SOURCE -D_XOPEN_SOURCE=600 -DNDEBUG  conftest.c  >&5
configure:21887: $? = 0
configure:21890: test -s conftest
configure:21893: $? = 0
configure:21903: result: yes
configure:21847: checking for setbuffer
configure:21884: gcc -o conftest -g -O2 --param max-inline-insns-single=1200 -D_DEFAULT_SOURCE -D_XOPEN_SOURCE=600 -DNDEBUG  conftest.c  >&5
configure:21887: $? = 0
configure:21890: test -s conftest
configure:21893: $? = 0
configure:21903: result: yes
configure:21847: checking for setfsuid
configure:21884: gcc -o conftest -g -O2 --param max-inline-insns-single=1200 -D_DEFAULT_SOURCE -D_XOPEN_SOURCE=600 -DNDEBUG  conftest.c  >&5
configure:21887: $? = 0
configure:21890: test -s conftest
configure:21893: $? = 0
configure:21903: result: yes
configure:21847: checking for setvbuf
configure:21884: gcc -o conftest -g -O2 --param max-inline-insns-single=1200 -D_DEFAULT_SOURCE -D_XOPEN_SOURCE=600 -DNDEBUG  conftest.c  >&5
configure:21887: $? = 0
configure:21890: test -s conftest
configure:21893: $? = 0
configure:21903: result: yes
configure:21847: checking for sigaction
configure:21884: gcc -o conftest -g -O2 --param max-inline-insns-single=1200 -D_DEFAULT_SOURCE -D_XOPEN_SOURCE=600 -DNDEBUG  conftest.c  >&5
configure:21887: $? = 0
configure:21890: test -s conftest
configure:21893: $? = 0
configure:21903: result: yes
configure:21847: checking for sigvec
configure:21884: gcc -o conftest -g -O2 --param max-inline-insns-single=1200 -D_DEFAULT_SOURCE -D_XOPEN_SOURCE=600 -DNDEBUG  conftest.c  >&5
/usr/bin/ld: /tmp/ccGYqibt.o: in function `main':
/home/alxd/narnia/termai/vendor/ncurses-src/configure:21877:(.text.startup+0x5): undefined reference to `sigvec'
collect2: error: ld returned 1 exit status
configure:21887: $? = 1
configure: failed program was:
#line 21853 "configure"
#include "confdefs.h"
#define sigvec autoconf_temporary
#include <limits.h>	/* least-intrusive standard header which defines gcc2 __stub macros */
#undef sigvec

#ifdef __cplusplus
extern "C"
#endif

/* We use char because int might match the return type of a gcc2
   builtin and then its argument prototype would still apply.  */
char sigvec (void);

int
main (void)
{

/* The GNU C library defines stubs for functions which it implements
    to always fail with ENOSYS.  Some functions are actually named
    something starting with __ and the normal name is an alias.  */
#if defined (__stub_sigvec) || defined (__stub___sigvec)
#error found stub for sigvec
#endif

	return sigvec ();
  ;
  return 0;
}
configure:21903: result: no
configure:21847: checking for snprintf
configure:21884: gcc -o conftest -g -O2 --param max-inline-insns-single=1200 -D_DEFAULT_SOURCE -D_XOPEN_SOURCE=600 -DNDEBUG  conftest.c  >&5
configure:21864:6: warning: conflicting types for built-in function 'snprintf'; expected 'int(char *, long unsigned int,  const char *, ...)' [-Wbuiltin-declaration-mismatch]
21864 |    builtin and then its argument prototype would still apply.  */
      |      ^~~~~~~~
configure:21856:1: note: 'snprintf' is declared in header '<stdio.h>'
21855 | #define $ac_func autoconf_temporary
  +++ |+#include <stdio.h>
21856 | #include <limits.h>     /* least-intrusive standard header which defines gcc2 __stub macros */
configure:21887: $? = 0
configure:21890: test -s conftest
configure:21893: $? = 0
configure:21903: result: yes
configure:21847: checking for strdup
configure:21903: result: yes
configure:21847: checking for strstr
configure:21884: gcc -o conftest -g -O2 --param max-inline-insns-single=1200 -D_DEFAULT_SOURCE -D_XOPEN_SOURCE=600 -DNDEBUG  conftest.c  >&5
configure:21864:6: warning: conflicting types for built-in function 'strstr'; expected 'char *(const char *, const char *)' [-Wbuiltin-declaration-mismatch]
21864 |    builtin and then its argument prototype would still apply.  */
      |      ^~~~~~
configure:21856:1: note: 'strstr' is declared in header '<string.h>'
21855 | #define $ac_func autoconf_temporary
  +++ |+#include <string.h>
21856 | #include <limits.h>     /* least-intrusive standard header which defines gcc2 __stub macros */
configure:21887: $? = 0
configure:21890: test -s conftest
configure:21893: $? = 0
configure:21903: result: yes
configure:21847: checking for sysconf
configure:21884: gcc -o conftest -g -O2 --param max-inline-insns-single=1200 -D_DEFAULT_SOURCE -D_XOPEN_SOURCE=600 -DNDEBUG  conftest.c  >&5
configure:21887: $? = 0
configure:21890: test -s conftest
configure:21893: $? = 0
configure:21903: result: yes
configure:21847: checking for tcgetpgrp
configure:21884: gcc -o conftest -g -O2 --param max-inline-insns-single=1200 -D_DEFAULT_SOURCE -D_XOPEN_SOURCE=600 -DNDEBUG  conftest.c  >&5
configure:21887: $? = 0
configure:21890: test -s conftest
configure:21893: $? = 0
configure:21903: result: yes
configure:21847: checking for times
configure:21884: gcc -o conftest -g -O2 --param max-inline-insns-single=1200 -D_DEFAULT_SOURCE -D_XOPEN_SOURCE=600 -DNDEBUG  conftest.c  >&5
configure:21887: $? = 0
configure:21890: test -s conftest
configure:21893: $? = 0
configure:21903: result: yes
configure:21847: checking for tsearch
configure:21884: gcc -o conftest -g -O2 --param max-inline-insns-single=1200 -D_DEFAULT_SOURCE -D_XOPEN_SOURCE=600 -DNDEBUG  conftest.c  >&5
configure:21887: $? = 0
configure:21890: test -s conftest
configure:21893: $? = 0
configure:21903: result: yes
configure:21847: checking for vsnprintf
configure:21884: gcc -o conftest -g -O2 --param max-inline-insns-single=1200 -D_DEFAULT_SOURCE -D_XOPEN_SOURCE=600 -DNDEBUG  conftest.c  >&5
configure:21864:6: warning: conflicting types for built-in function 'vsnprintf'; expected 'int(char *, long unsigned int,  const char *, __va_list_tag *)' [-Wbuiltin-declaration-mismatch]
21864 |    builtin and then its argument prototype would still apply.  */
      |      ^~~~~~~~~
configure:21856:1: note: 'vsnprintf' is declared in header '<stdio.h>'
21855 | #define $ac_func autoconf_temporary
  +++ |+#include <stdio.h>
21856 | #include <limits.h>     /* least-intrusive standard header which defines gcc2 __stub macros */
configure:21887: $? = 0
configure:21890: test -s conftest
configure:21893: $? = 0
configure:21903: result: yes
configure:21913: checking if _PATH_TTYS is defined in ttyent.h
configure:21935: gcc -c -g -O2 --param max-inline-insns-single=1200 -D_DEFAULT_SOURCE -D_XOPEN_SOURCE=600 -DNDEBUG conftest.c >&5
configure:21938: $? = 0
configure:21941: test -s conftest.o
configure:21944: $? = 0
configure:21954: result: yes
configure:21976: checking if _PATH_TTYS file exists
configure:21998: gcc -o conftest -g -O2 --param max-inline-insns-single=1200 -D_DEFAULT_SOURCE -D_XOPEN_SOURCE=600 -DNDEBUG  conftest.c  >&5
configure:22001: $? = 0
configure:22003: ./conftest
configure:22006: $? = 1
configure: program exited with status 1
configure: failed program was:
#line 21986 "configure"
#include "confdefs.h"

#include <stdio.h>
#if HAVE_SYS_TYPES_H
# include <sys/types.h>
#endif
#if HAVE_SYS_STAT_H
# include <sys/stat.h>
#endif
#if STDC_HEADERS
# include <stdlib.h>
# include <stddef.h>
#else
# if HAVE_STDLIB_H
#  include <stdlib.h>
# endif
#endif
#if HAVE_STRING_H
# if !STDC_HEADERS && HAVE_MEMORY_H
#  include <memory.h>
# endif
# include <string.h>
#endif
#if HAVE_STRINGS_H
# include <strings.h>
#endif
#if HAVE_INTTYPES_H
# include <inttypes.h>
#else
# if HAVE_STDINT_H
#  include <stdint.h>
# endif
#endif
#if HAVE_UNISTD_H
# include <unistd.h>
#endif
#include <ttyent.h>

int main(void) {
	FILE *fp = fopen(_PATH_TTYS, "r");
	return (fp == NULL);
}
configure:22018: result: no
configure:22222: checking for isascii
configure:22241: gcc -o conftest -g -O2 --param max-inline-insns-single=1200 -D_DEFAULT_SOURCE -D_XOPEN_SOURCE=600 -DNDEBUG  conftest.c  >&5
configure:22244: $? = 0
configure:22247: test -s conftest
configure:22250: $? = 0
configure:22261: result: yes
configure:22269: checking whether sigaction needs _POSIX_SOURCE
configure:22286: gcc -c -g -O2 --param max-inline-insns-single=1200 -D_DEFAULT_SOURCE -D_XOPEN_SOURCE=600 -DNDEBUG conftest.c >&5
configure:22289: $? = 0
configure:22292: test -s conftest.o
configure:22295: $? = 0
configure:22343: result: no
configure:22347: checking if nanosleep really works
configure:22383: gcc -o conftest -g -O2 --param max-inline-insns-single=1200 -D_DEFAULT_SOURCE -D_XOPEN_SOURCE=600 -DNDEBUG  conftest.c  >&5
configure:22386: $? = 0
configure:22388: ./conftest
configure:22391: $? = 0
configure:22403: result: yes
configure:22420: checking for sgtty.h
configure:22430: gcc -E -D_DEFAULT_SOURCE -D_XOPEN_SOURCE=600 -DNDEBUG conftest.c
configure:22436: $? = 0
configure:22455: result: yes
configure:22420: checking for termio.h
configure:22430: gcc -E -D_DEFAULT_SOURCE -D_XOPEN_SOURCE=600 -DNDEBUG conftest.c
configure:22427:10: fatal error: termio.h: No such file or directory
22427 | #include "confdefs.h"
      |          ^~~~~~~~~~
compilation terminated.
configure:22436: $? = 1
configure: failed program was:
#line 22426 "configure"
#include "confdefs.h"
#include <termio.h>
configure:22455: result: no
configure:22420: checking for termios.h
configure:22430: gcc -E -D_DEFAULT_SOURCE -D_XOPEN_SOURCE=600 -DNDEBUG conftest.c
configure:22436: $? = 0
configure:22455: result: yes
configure:22420: checking for unistd.h
configure:22455: result: yes
configure:22420: checking for sys/ioctl.h
configure:22455: result: yes
configure:22420: checking for sys/termio.h
configure:22430: gcc -E -D_DEFAULT_SOURCE -D_XOPEN_SOURCE=600 -DNDEBUG conftest.c
configure:22427:10: fatal error: sys/termio.h: No such file or directory
22427 | #include "confdefs.h"
      |          ^~~~~~~~~~~~  
compilation terminated.
configure:22436: $? = 1
configure: failed program was:
#line 22426 "configure"
#include "confdefs.h"
#include <sys/termio.h>
configure:22455: result: no
configure:22472: checking whether termios.h needs _POSIX_SOURCE
configure:22487: gcc -c -g -O2 --param max-inline-insns-single=1200 -D_DEFAULT_SOURCE -D_XOPEN_SOURCE=600 -DNDEBUG conftest.c >&5
configure:22490: $? = 0
configure:22493: test -s conftest.o
configure:22496: $? = 0
configure:22543: result: no
configure:22548: checking for tcgetattr
configure:22583: gcc -o conftest -g -O2 --param max-inline-insns-single=1200 -D_DEFAULT_SOURCE -D_XOPEN_SOURCE=600 -DNDEBUG  conftest.c  >&5
configure:22586: $? = 0
configure:22589: test -s conftest
configure:22592: $? = 0
configure:22602: result: yes
configure:22609: checking for vsscanf function or workaround
configure:22642: gcc -o conftest -g -O2 --param max-inline-insns-single=1200 -D_DEFAULT_SOURCE -D_XOPEN_SOURCE=600 -DNDEBUG  conftest.c  >&5
configure:22645: $? = 0
configure:22648: test -s conftest
configure:22651: $? = 0
configure:22744: result: vsscanf
configure:22770: checking for unistd.h
configure:22805: result: yes
configure:22815: checking for working mkstemp
configure:22861: gcc -o conftest -g -O2 --param max-inline-insns-single=1200 -D_DEFAULT_SOURCE -D_XOPEN_SOURCE=600 -DNDEBUG  conftest.c  >&5
configure:22864: $? = 0
configure:22866: ./conftest
configure:22869: $? = 0
configure:22884: result: yes
configure:22967: checking whether setvbuf arguments are reversed
configure:22995: gcc -o conftest -g -O2 --param max-inline-insns-single=1200 -D_DEFAULT_SOURCE -D_XOPEN_SOURCE=600 -DNDEBUG  conftest.c  >&5
configure: In function 'main':
configure:22987:23: error: passing argument 2 of 'setvbuf' makes pointer from integer without a cast [-Wint-conversion]
22987 |      is not _IOLBF, _IONBF, or _IOFBF, and return nonzero.  */
      |                       ^~~~~~
      |                       |
      |                       int
In file included from configure:22979:
/usr/include/stdio.h:346:65: note: expected 'char * restrict' but argument is of type 'int'
  346 | extern int setvbuf (FILE *__restrict __stream, char *__restrict __buf,
      |                                                ~~~~~~~~~~~~~~~~~^~~~~
configure:22987:31: error: passing argument 3 of 'setvbuf' makes integer from pointer without a cast [-Wint-conversion]
22987 |      is not _IOLBF, _IONBF, or _IOFBF, and return nonzero.  */
      |                               ^~~~~~~~~~~~~
      |                               |
      |                               char *
/usr/include/stdio.h:347:25: note: expected 'int' but argument is of type 'char *'
  347 |                     int __modes, size_t __n) __THROW __nonnull ((1));
      |                     ~~~~^~~~~~~
configure:22998: $? = 1
configure: program exited with status 1
configure: failed program was:
#line 22978 "configure"
#include "confdefs.h"
#include <stdio.h>
/* If setvbuf has the reversed format, exit 0. */
int
main (void)
{
  /* This call has the arguments reversed.
     A reversed system may check and see that the address of main
     is not _IOLBF, _IONBF, or _IOFBF, and return nonzero.  */
  if (setvbuf(stdout, _IOLBF, (char *) main, BUFSIZ) != 0)
    return(1);
  putc('\r', stdout);
  return(0);                   /* Non-reversed systems segv here.  */
}
configure:23016: result: no
configure:23027: checking for intptr_t
configure:23048: gcc -c -g -O2 --param max-inline-insns-single=1200 -D_DEFAULT_SOURCE -D_XOPEN_SOURCE=600 -DNDEBUG conftest.c >&5
configure:23051: $? = 0
configure:23054: test -s conftest.o
configure:23057: $? = 0
configure:23067: result: yes
configure:23079: checking for ssize_t
configure:23100: gcc -c -g -O2 --param max-inline-insns-single=1200 -D_DEFAULT_SOURCE -D_XOPEN_SOURCE=600 -DNDEBUG conftest.c >&5
configure:23103: $? = 0
configure:23106: test -s conftest.o
configure:23109: $? = 0
configure:23119: result: yes
configure:23131: checking for type sigaction_t
configure:23151: gcc -c -g -O2 --param max-inline-insns-single=1200 -D_DEFAULT_SOURCE -D_XOPEN_SOURCE=600 -DNDEBUG conftest.c >&5
configure: In function 'main':
configure:23144:1: error: unknown type name 'sigaction_t'
23144 | {
      | ^          
configure:23154: $? = 1
configure: failed program was:
#line 23138 "configure"
#include "confdefs.h"

#include <signal.h>
int
main (void)
{
sigaction_t x; (void)x
  ;
  return 0;
}
configure:23171: result: no
configure:23178: checking declaration of size-change
configure:23249: gcc -c -g -O2 --param max-inline-insns-single=1200 -D_DEFAULT_SOURCE -D_XOPEN_SOURCE=600 -DNDEBUG conftest.c >&5
configure:23252: $? = 0
configure:23255: test -s conftest.o
configure:23258: $? = 0
size-change succeeded ()
configure:23277: result: yes
configure:23295: checking for memmove
configure:23332: gcc -o conftest -g -O2 --param max-inline-insns-single=1200 -D_DEFAULT_SOURCE -D_XOPEN_SOURCE=600 -DNDEBUG  conftest.c  >&5
configure:23312:6: warning: conflicting types for built-in function 'memmove'; expected 'void *(void *, const void *, long unsigned int)' [-Wbuiltin-declaration-mismatch]
23312 |    builtin and then its argument prototype would still apply.  */
      |      ^~~~~~~
configure:23304:1: note: 'memmove' is declared in header '<string.h>'
23303 | #define memmove autoconf_temporary
  +++ |+#include <string.h>
23304 | #include <limits.h>     /* least-intrusive standard header which defines gcc2 __stub macros */
configure:23335: $? = 0
configure:23338: test -s conftest
configure:23341: $? = 0
configure:23351: result: yes
configure:23557: checking if poll really works
configure:23620: gcc -o conftest -g -O2 --param max-inline-insns-single=1200 -D_DEFAULT_SOURCE -D_XOPEN_SOURCE=600 -DNDEBUG  conftest.c  >&5
configure:23623: $? = 0
configure:23625: ./conftest
configure:23628: $? = 0
configure:23640: result: yes
configure:23647: checking if MB_LEN_MAX is usable
configure:23674: gcc -c -g -O2 --param max-inline-insns-single=1200 -D_DEFAULT_SOURCE -D_XOPEN_SOURCE=600 -DNDEBUG conftest.c >&5
configure:23677: $? = 0
configure:23680: test -s conftest.o
configure:23683: $? = 0
configure:23693: result: yes
configure:23707: checking for va_copy
configure:23731: gcc -o conftest -g -O2 --param max-inline-insns-single=1200 -D_DEFAULT_SOURCE -D_XOPEN_SOURCE=600 -DNDEBUG  conftest.c  >&5
configure:23734: $? = 0
configure:23737: test -s conftest
configure:23740: $? = 0
configure:23750: result: yes
configure:23980: checking for pid_t
configure:24001: gcc -c -g -O2 --param max-inline-insns-single=1200 -D_DEFAULT_SOURCE -D_XOPEN_SOURCE=600 -DNDEBUG conftest.c >&5
configure:24004: $? = 0
configure:24007: test -s conftest.o
configure:24010: $? = 0
configure:24020: result: yes
configure:24035: checking for unistd.h
configure:24070: result: yes
configure:24035: checking for vfork.h
configure:24045: gcc -E -D_DEFAULT_SOURCE -D_XOPEN_SOURCE=600 -DNDEBUG conftest.c
configure:24042:10: fatal error: vfork.h: No such file or directory
24042 | #include "confdefs.h"
      |          ^~~~~~~~~
compilation terminated.
configure:24051: $? = 1
configure: failed program was:
#line 24041 "configure"
#include "confdefs.h"
#include <vfork.h>
configure:24070: result: no
configure:24083: checking for fork
configure:24120: gcc -o conftest -g -O2 --param max-inline-insns-single=1200 -D_DEFAULT_SOURCE -D_XOPEN_SOURCE=600 -DNDEBUG  conftest.c  >&5
configure:24100:6: warning: conflicting types for built-in function 'fork'; expected 'int(void)' [-Wbuiltin-declaration-mismatch]
24100 |    builtin and then its argument prototype would still apply.  */
      |      ^~~~
configure:24123: $? = 0
configure:24126: test -s conftest
configure:24129: $? = 0
configure:24139: result: yes
configure:24083: checking for vfork
configure:24120: gcc -o conftest -g -O2 --param max-inline-insns-single=1200 -D_DEFAULT_SOURCE -D_XOPEN_SOURCE=600 -DNDEBUG  conftest.c  >&5
configure:24123: $? = 0
configure:24126: test -s conftest
configure:24129: $? = 0
configure:24139: result: yes
configure:24151: checking for working fork
configure:24194: result: yes
configure:24213: checking for working vfork
configure:24335: result: yes
configure:24366: checking if fopen accepts explicit binary mode
configure:24411: gcc -o conftest -g -O2 --param max-inline-insns-single=1200 -D_DEFAULT_SOURCE -D_XOPEN_SOURCE=600 -DNDEBUG  conftest.c  >&5
configure:24414: $? = 0
configure:24416: ./conftest
configure:24419: $? = 0
configure:24432: result: yes
configure:24439: checking for cc_t
configure:24463: gcc -c -g -O2 --param max-inline-insns-single=1200 -D_DEFAULT_SOURCE -D_XOPEN_SOURCE=600 -DNDEBUG conftest.c >&5
configure:24466: $? = 0
configure:24469: test -s conftest.o
configure:24472: $? = 0
configure:24482: result: yes
configure:24492: checking for speed_t
configure:24516: gcc -c -g -O2 --param max-inline-insns-single=1200 -D_DEFAULT_SOURCE -D_XOPEN_SOURCE=600 -DNDEBUG conftest.c >&5
configure:24519: $? = 0
configure:24522: test -s conftest.o
configure:24525: $? = 0
configure:24535: result: yes
configure:24545: checking for tcflag_t
configure:24569: gcc -c -g -O2 --param max-inline-insns-single=1200 -D_DEFAULT_SOURCE -D_XOPEN_SOURCE=600 -DNDEBUG conftest.c >&5
configure:24572: $? = 0
configure:24575: test -s conftest.o
configure:24578: $? = 0
configure:24588: result: yes
configure:24598: checking for sigset_t
configure:24622: gcc -c -g -O2 --param max-inline-insns-single=1200 -D_DEFAULT_SOURCE -D_XOPEN_SOURCE=600 -DNDEBUG conftest.c >&5
configure:24625: $? = 0
configure:24628: test -s conftest.o
configure:24631: $? = 0
configure:24641: result: yes
configure:24653: checking for openpty in -lutil
configure:24680: gcc -o conftest -g -O2 --param max-inline-insns-single=1200 -D_DEFAULT_SOURCE -D_XOPEN_SOURCE=600 -DNDEBUG  conftest.c -lutil   >&5
configure:24683: $? = 0
configure:24686: test -s conftest
configure:24689: $? = 0
configure:24700: result: yes
configure:24708: checking for openpty header
configure:24753: gcc -o conftest -g -O2 --param max-inline-insns-single=1200 -D_DEFAULT_SOURCE -D_XOPEN_SOURCE=600 -DNDEBUG  conftest.c -lutil  >&5
configure:24756: $? = 0
configure:24759: test -s conftest
configure:24762: $? = 0
configure:24780: result: pty.h
configure:25422: checking if we can include stdbool.h
configure:25444: gcc -c -O2 --param max-inline-insns-single=1200 -D_DEFAULT_SOURCE -D_XOPEN_SOURCE=600 -DNDEBUG conftest.c >&5
configure:25447: $? = 0
configure:25450: test -s conftest.o
configure:25453: $? = 0
configure:25492: result: yes
configure:25500: checking for builtin bool type
configure:25521: gcc -c -O2 --param max-inline-insns-single=1200 -D_DEFAULT_SOURCE -D_XOPEN_SOURCE=600 -DNDEBUG conftest.c >&5
configure:25524: $? = 0
configure:25527: test -s conftest.o
configure:25530: $? = 0
configure:25540: result: yes
configure:25567: checking if we already have C++ library
configure:25584: /usr/bin/g++ -o conftest -O2 -D_DEFAULT_SOURCE -D_XOPEN_SOURCE=600 -DNDEBUG  conftest.cc   >&5
configure:25587: $? = 0
configure:25590: test -s conftest
configure:25593: $? = 0
configure:25602: result: yes
configure:25704: checking whether /usr/bin/g++ understands -c and -o together
configure:25719: /usr/bin/g++ -O2 -D_DEFAULT_SOURCE -D_XOPEN_SOURCE=600 -DNDEBUG -c conftest.cc -o conftest2.o >&5
configure:25722: $? = 0
configure:25724: /usr/bin/g++ -O2 -D_DEFAULT_SOURCE -D_XOPEN_SOURCE=600 -DNDEBUG -c conftest.cc -o conftest2.o >&5
configure:25727: $? = 0
configure:25738: result: yes
configure:25914: checking how to run the C++ preprocessor
configure:25936: /usr/bin/g++ -E -D_DEFAULT_SOURCE -D_XOPEN_SOURCE=600 -DNDEBUG conftest.cc
configure:25942: $? = 0
configure:25969: /usr/bin/g++ -E -D_DEFAULT_SOURCE -D_XOPEN_SOURCE=600 -DNDEBUG conftest.cc
configure:25966:10: fatal error: ac_nonexistent.h: No such file or directory
25966 | #include "confdefs.h"
      |          ^~~~~~~~~~~~      
compilation terminated.
configure:25975: $? = 1
configure: failed program was:
#line 25965 "configure"
#include "confdefs.h"
#include <ac_nonexistent.h>
configure:26012: result: /usr/bin/g++ -E
configure:26027: /usr/bin/g++ -E -D_DEFAULT_SOURCE -D_XOPEN_SOURCE=600 -DNDEBUG conftest.cc
configure:26033: $? = 0
configure:26060: /usr/bin/g++ -E -D_DEFAULT_SOURCE -D_XOPEN_SOURCE=600 -DNDEBUG conftest.cc
configure:26057:10: fatal error: ac_nonexistent.h: No such file or directory
26057 | #include "confdefs.h"
      |          ^~~~~~~~~~~~      
compilation terminated.
configure:26066: $? = 1
configure: failed program was:
#line 26056 "configure"
#include "confdefs.h"
#include <ac_nonexistent.h>
configure:26109: checking for new
configure:26119: /usr/bin/g++ -E -D_DEFAULT_SOURCE -D_XOPEN_SOURCE=600 -DNDEBUG conftest.cc
configure:26125: $? = 0
configure:26144: result: yes
configure:26109: checking for exception
configure:26119: /usr/bin/g++ -E -D_DEFAULT_SOURCE -D_XOPEN_SOURCE=600 -DNDEBUG conftest.cc
configure:26125: $? = 0
configure:26144: result: yes
configure:26109: checking for typeinfo
configure:26119: /usr/bin/g++ -E -D_DEFAULT_SOURCE -D_XOPEN_SOURCE=600 -DNDEBUG conftest.cc
configure:26125: $? = 0
configure:26144: result: yes
configure:26157: checking for iostream
configure:26167: /usr/bin/g++ -E -D_DEFAULT_SOURCE -D_XOPEN_SOURCE=600 -DNDEBUG conftest.cc
configure:26173: $? = 0
configure:26192: result: yes
configure:26203: checking if iostream uses std-namespace
configure:26223: /usr/bin/g++ -c -O2 -D_DEFAULT_SOURCE -D_XOPEN_SOURCE=600 -DNDEBUG conftest.cc >&5
configure:26226: $? = 0
configure:26229: test -s conftest.o
configure:26232: $? = 0
configure:26241: result: yes
configure:26252: checking for builtin bool type
configure:26273: /usr/bin/g++ -c -O2 -D_DEFAULT_SOURCE -D_XOPEN_SOURCE=600 -DNDEBUG conftest.cc >&5
configure:26276: $? = 0
configure:26279: test -s conftest.o
configure:26282: $? = 0
configure:26292: result: yes
configure:26295: checking for bool
configure:26336: /usr/bin/g++ -c -O2 -D_DEFAULT_SOURCE -D_XOPEN_SOURCE=600 -DNDEBUG conftest.cc >&5
configure:26339: $? = 0
configure:26342: test -s conftest.o
configure:26345: $? = 0
configure:26355: result: yes
configure:26358: checking size of bool
configure:26622: /usr/bin/g++ -o conftest -O2 -D_DEFAULT_SOURCE -D_XOPEN_SOURCE=600 -DNDEBUG  conftest.cc  >&5
configure:26625: $? = 0
configure:26627: ./conftest
configure:26630: $? = 0
configure:26646: result: 1
configure:26652: checking for type of bool
configure:26712: /usr/bin/g++ -o conftest -O2 -D_DEFAULT_SOURCE -D_XOPEN_SOURCE=600 -DNDEBUG  conftest.cc  >&5
configure:26715: $? = 0
configure:26717: ./conftest
configure:26720: $? = 0
configure:26737: result: unsigned char
configure:26749: checking for special defines needed for etip.h
configure:26781: /usr/bin/g++ -c -O2 -I./c++ -I./menu -Iinclude -I./include -D_DEFAULT_SOURCE -D_XOPEN_SOURCE=600 -DNDEBUG conftest.cc >&5
configure:26784: $? = 0
configure:26787: test -s conftest.o
configure:26790: $? = 0
configure:26811: result:  
configure:26816: checking if /usr/bin/g++ accepts override keyword
configure:26852: /usr/bin/g++ -o conftest -O2 -D_DEFAULT_SOURCE -D_XOPEN_SOURCE=600 -DNDEBUG  conftest.cc  >&5
configure:26855: $? = 0
configure:26857: ./conftest
configure:26860: $? = 0
configure:26879: result: yes
configure:26888: checking if /usr/bin/g++ accepts parameter initialization
configure:26924: /usr/bin/g++ -o conftest -O2 -D_DEFAULT_SOURCE -D_XOPEN_SOURCE=600 -DNDEBUG  conftest.cc  >&5
configure:26915:1: error: default argument given for parameter 1 of 'TEST::TEST(int)' [-fpermissive]
26915 | 
      | ^   
configure:26911:2: note: previous specification in 'TEST::TEST(int)' here
26911 | public:
      |  ^~~~
configure:26927: $? = 1
configure: program exited with status 1
configure: failed program was:
#line 26905 "configure"
#include "confdefs.h"

class TEST {
private:
	int value;
public:
	TEST(int x = 1);
	~TEST();
};

TEST::TEST(int x = 1)	// some compilers do not like second initializer
{
	value = x;
}
int main(void) { }

configure:26951: result: no
configure:26961: checking if /usr/bin/g++ accepts static_cast
configure:27019: /usr/bin/g++ -c -O2 -D_DEFAULT_SOURCE -D_XOPEN_SOURCE=600 -DNDEBUG conftest.cc >&5
configure:27022: $? = 0
configure:27025: test -s conftest.o
configure:27028: $? = 0
configure:27046: result: yes
configure:27983: checking for wchar_t
configure:28004: /usr/bin/g++ -c -O2 -D_DEFAULT_SOURCE -D_XOPEN_SOURCE=600 -DNDEBUG conftest.cc >&5
configure:28007: $? = 0
configure:28010: test -s conftest.o
configure:28013: $? = 0
configure:28023: result: yes
configure:28026: checking size of wchar_t
configure:28190: /usr/bin/g++ -o conftest -O2 -D_DEFAULT_SOURCE -D_XOPEN_SOURCE=600 -DNDEBUG  conftest.cc  >&5
configure:28193: $? = 0
configure:28195: ./conftest
configure:28198: $? = 0
configure:28214: result: 4
configure:28245: checking for library subsets
configure:28302: result: ticlib+termlib+ext_tinfo base+widechar+ext_funcs
configure:28333: checking default library suffix
configure:28344: result: w
configure:28347: checking default library-dependency suffix
configure:28430: result: w.so
configure:28433: checking default object directory
configure:28449: result: obj_s
configure:28453: checking c++ library-dependency suffix
configure:28546: result: w.a
configure:28811: checking where we will install curses.h
configure:28821: result: ${prefix}/include/ncursesw
configure:28854: checking for desired basename for form library
configure:28874: result: form
configure:28877: checking for desired basename for menu library
configure:28897: result: menu
configure:28900: checking for desired basename for panel library
configure:28920: result: panel
configure:28923: checking for desired basename for cxx library
configure:28943: result: ncurses++
configure:28949: checking for src modules
configure:29008: result: ncurses progs panel menu form
configure:29159: checking for tbl
configure:29176: found /usr/bin/tbl
configure:29187: result: /usr/bin/tbl
configure:29194: checking if /usr/bin/tbl supports 'x' column modifier
configure:29231: result: yes
configure:29236: checking format of man pages
configure:29327: result:  gzip
configure:29371: checking for man page renaming
configure:29405: result: no
configure:29408: checking if man page aliases will be installed
configure:29419: result: yes
configure:29433: checking if man page symlinks should be used
configure:29452: result: yes
configure:29456: checking for man page tbl
configure:29467: result: no
configure:29845: checking for defines to add to ncursesw6-config script
configure:29861: result:  -D_DEFAULT_SOURCE -D_XOPEN_SOURCE=600
configure:29960: checking for linker search path
configure:30049: result: /usr/lib /usr/local/lib
configure:30139: creating ./config.status

## ----------------------- ##
## Running config.status.  ##
## ----------------------- ##

This file was extended by config.status 2.52.20250126, executed with
  CONFIG_FILES    = 
  CONFIG_HEADERS  = 
  CONFIG_LINKS    = 
  CONFIG_COMMANDS = 
  > "./config.status "
on archbtw

config.status:31006: creating include/MKterm.h.awk
config.status:31006: creating include/curses.head
config.status:31006: creating include/ncurses_dll.h
config.status:31006: creating include/nc_win32.h
config.status:31006: creating include/termcap.h
config.status:31006: creating include/unctrl.h
config.status:31006: creating man/MKterminfo.tmp
config.status:31006: creating man/man_db.renames
config.status:31006: creating man/Makefile
config.status:31006: creating include/Makefile
config.status:31006: creating ncurses/Makefile
config.status:31006: creating progs/Makefile
config.status:31006: creating panel/Makefile
config.status:31006: creating menu/Makefile
config.status:31006: creating form/Makefile
config.status:31006: creating misc/Makefile
config.status:31006: creating c++/Makefile
config.status:31006: creating misc/run_tic.sh
config.status:31006: creating misc/ncurses-config
config.status:31006: creating man/ncursesw6-config.1
config.status:31006: creating Makefile
config.status:31167: creating include/ncurses_cfg.h
config.status:31249: include/ncurses_cfg.h is unchanged

## ----------------- ##
## Cache variables.  ##
## ----------------- ##

ac_cv_build=x86_64-pc-linux-gnu
ac_cv_build_alias=x86_64-pc-linux-gnu
ac_cv_c_compiler_gnu=yes
ac_cv_c_const=yes
ac_cv_c_inline=inline
ac_cv_cxx_compiler_gnu=yes
ac_cv_env_CC_set=
ac_cv_env_CC_value=
ac_cv_env_CFLAGS_set=
ac_cv_env_CFLAGS_value=
ac_cv_env_CPPFLAGS_set=
ac_cv_env_CPPFLAGS_value=
ac_cv_env_CPP_set=
ac_cv_env_CPP_value=
ac_cv_env_CXXCPP_set=
ac_cv_env_CXXCPP_value=
ac_cv_env_CXXFLAGS_set=
ac_cv_env_CXXFLAGS_value=
ac_cv_env_CXX_set=
ac_cv_env_CXX_value=
ac_cv_env_LDFLAGS_set=
ac_cv_env_LDFLAGS_value=
ac_cv_env_build_alias_set=
ac_cv_env_build_alias_value=
ac_cv_env_host_alias_set=
ac_cv_env_host_alias_value=
ac_cv_env_target_alias_set=
ac_cv_env_target_alias_value=
ac_cv_func_btowc=yes
ac_cv_func_clock_gettime=yes
ac_cv_func_dlsym=yes
ac_cv_func_fork=yes
ac_cv_func_fork_works=yes
ac_cv_func_fpathconf=yes
ac_cv_func_fseeko=yes
ac_cv_func_getauxval=yes
ac_cv_func_getcwd=yes
ac_cv_func_getegid=yes
ac_cv_func_getenv=yes
ac_cv_func_geteuid=yes
ac_cv_func_getopt=yes
ac_cv_func_getuid=yes
ac_cv_func_issetugid=no
ac_cv_func_link=yes
ac_cv_func_localeconv=yes
ac_cv_func_mblen=yes
ac_cv_func_mbrlen=yes
ac_cv_func_mbrtowc=yes
ac_cv_func_mbsrtowcs=yes
ac_cv_func_mbstowcs=yes
ac_cv_func_mbtowc=yes
ac_cv_func_memmove=yes
ac_cv_func_poll=yes
ac_cv_func_putenv=yes
ac_cv_func_putwc=yes
ac_cv_func_regcomp=yes
ac_cv_func_remove=yes
ac_cv_func_select=yes
ac_cv_func_setbuf=yes
ac_cv_func_setbuffer=yes
ac_cv_func_setenv=yes
ac_cv_func_setfsuid=yes
ac_cv_func_setvbuf=yes
ac_cv_func_setvbuf_reversed=no
ac_cv_func_sigaction=yes
ac_cv_func_sigvec=no
ac_cv_func_snprintf=yes
ac_cv_func_strdup=yes
ac_cv_func_strstr=yes
ac_cv_func_symlink=yes
ac_cv_func_sysconf=yes
ac_cv_func_tcgetpgrp=yes
ac_cv_func_times=yes
ac_cv_func_tsearch=yes
ac_cv_func_unlink=yes
ac_cv_func_vfork=yes
ac_cv_func_vfork_works=yes
ac_cv_func_vsnprintf=yes
ac_cv_func_wcsrtombs=yes
ac_cv_func_wcstombs=yes
ac_cv_func_wctob=yes
ac_cv_func_wctomb=yes
ac_cv_func_wcwidth=yes
ac_cv_func_wmemchr=yes
ac_cv_have_decl_exit=yes
ac_cv_header_alloca_h=yes
ac_cv_header_dirent_dirent_h=yes
ac_cv_header_exception=yes
ac_cv_header_fcntl_h=yes
ac_cv_header_getopt_h=yes
ac_cv_header_gpm_h=yes
ac_cv_header_inttypes_h=yes
ac_cv_header_iostream=yes
ac_cv_header_limits_h=yes
ac_cv_header_locale_h=yes
ac_cv_header_malloc_h=yes
ac_cv_header_math_h=yes
ac_cv_header_memory_h=yes
ac_cv_header_new=yes
ac_cv_header_poll_h=yes
ac_cv_header_sgtty_h=yes
ac_cv_header_stdc=yes
ac_cv_header_stdint_h=yes
ac_cv_header_stdlib_h=yes
ac_cv_header_string_h=yes
ac_cv_header_strings_h=yes
ac_cv_header_sys_auxv_h=yes
ac_cv_header_sys_fsuid_h=yes
ac_cv_header_sys_ioctl_h=yes
ac_cv_header_sys_param_h=yes
ac_cv_header_sys_poll_h=yes
ac_cv_header_sys_select_h=yes
ac_cv_header_sys_stat_h=yes
ac_cv_header_sys_termio_h=no
ac_cv_header_sys_time_h=yes
ac_cv_header_sys_times_h=yes
ac_cv_header_sys_types_h=yes
ac_cv_header_termio_h=no
ac_cv_header_termios_h=yes
ac_cv_header_time=yes
ac_cv_header_typeinfo=yes
ac_cv_header_unistd_h=yes
ac_cv_header_vfork_h=no
ac_cv_header_wchar_h=yes
ac_cv_header_wctype_h=yes
ac_cv_host=x86_64-pc-linux-gnu
ac_cv_host_alias=x86_64-pc-linux-gnu
ac_cv_lib_dir_opendir=no
ac_cv_lib_gpm_Gpm_Open=yes
ac_cv_lib_gpm_Gpm_Wgetch=yes
ac_cv_lib_util_openpty=yes
ac_cv_objext=o
ac_cv_path_CXX=/usr/bin/g++
ac_cv_path_EGREP='grep -E'
ac_cv_path_FGREP='grep -F'
ac_cv_path_LDCONFIG=/usr/bin/ldconfig
ac_cv_path_NROFF_TBL=/usr/bin/tbl
ac_cv_path_ac_pt_PKG_CONFIG=/usr/bin/pkg-config
ac_cv_path_install='/usr/bin/install -c'
ac_cv_prog_AWK=gawk
ac_cv_prog_CPP='gcc -E'
ac_cv_prog_CXXCPP='/usr/bin/g++ -E'
ac_cv_prog_GREP=grep
ac_cv_prog_LINT=lint
ac_cv_prog_MAKE_LOWER_TAGS=no
ac_cv_prog_MAKE_UPPER_TAGS=no
ac_cv_prog_ac_ct_AR=ar
ac_cv_prog_ac_ct_CC=gcc
ac_cv_prog_ac_ct_CXX=g++
ac_cv_prog_ac_ct_INFOCMP=infocmp
ac_cv_prog_ac_ct_LD=ld
ac_cv_prog_ac_ct_NM=nm
ac_cv_prog_ac_ct_RANLIB=ranlib
ac_cv_prog_ac_ct_TIC=tic
ac_cv_prog_cc_g=yes
ac_cv_prog_cc_stdc=
ac_cv_prog_cxx_g=yes
ac_cv_prog_gcc_traditional=no
ac_cv_prog_make_make_set=yes
ac_cv_sizeof_bool=1
ac_cv_sizeof_signed_char=1
ac_cv_sizeof_wchar_t=4
ac_cv_sys_file_offset_bits=no
ac_cv_sys_large_files=no
ac_cv_sys_largefile_CC=no
ac_cv_sys_largefile_source=no
ac_cv_sys_long_file_names=yes
ac_cv_target=x86_64-pc-linux-gnu
ac_cv_target_alias=x86_64-pc-linux-gnu
ac_cv_type_bool=yes
ac_cv_type_cc_t=yes
ac_cv_type_intptr_t=yes
ac_cv_type_pid_t=yes
ac_cv_type_signed_char=yes
ac_cv_type_sigset_t=yes
ac_cv_type_speed_t=yes
ac_cv_type_ssize_t=yes
ac_cv_type_tcflag_t=yes
ac_cv_type_wchar_t=yes
am_cv_langinfo_codeset=yes
cf_cv_1UL=1U
cf_cv_PATH_GNAT=no
cf_cv_PATH_GNATMAKE=no
cf_cv_PATH_GPRBUILD=no
cf_cv_PATH_GPRCONFIG=no
cf_cv_PATH_TTYS=no
cf_cv_VERSION_GNAT=no
cf_cv_VERSION_GNATMAKE=no
cf_cv_VERSION_GPRBUILD=no
cf_cv_VERSION_GPRCONFIG=no
cf_cv_abi_default=6
cf_cv_abi_version=6
cf_cv_ar_flags=-curvU
cf_cv_builtin_bool=yes
cf_cv_c11_noreturn=no,
cf_cv_cc_bool_type=yes
cf_cv_check_gpm_wgetch=unknown
cf_cv_consistent_getenv=yes
cf_cv_cpp_override=yes
cf_cv_cpp_param_init=no
cf_cv_cpp_static_cast=yes
cf_cv_dcl_environ=no
cf_cv_dcl_errno=yes
cf_cv_define_sigwinch=yes
cf_cv_do_relink=yes
cf_cv_do_reranlib=yes
cf_cv_do_symlinks=yes
cf_cv_enable_lp64=1
cf_cv_enable_opaque=NCURSES_OPAQUE
cf_cv_enable_reentrant=0
cf_cv_enable_rpath=no
cf_cv_enable_sigwinch=1
cf_cv_fopen_bin_r=yes
cf_cv_func_clock_gettime=yes
cf_cv_func_mkstemp=yes
cf_cv_func_nanosleep=yes
cf_cv_func_openpty=pty.h
cf_cv_func_vsscanf=vsscanf
cf_cv_gcc_inline=yes
cf_cv_getopt_header=unistd.h
cf_cv_gnu_dftsrc_219=yes
cf_cv_gnu_library=yes
cf_cv_gnu_library_219=yes
cf_cv_gpm_soname=libgpm.so.2
cf_cv_have_PATH_TTYS=no
cf_cv_have_environ=yes
cf_cv_have_errno=no
cf_cv_have_isascii=yes
cf_cv_have_libm=yes
cf_cv_have_tcgetattr=yes
cf_cv_have_va_copy=yes
cf_cv_header_stdbool_h=yes
cf_cv_install_p=yes
cf_cv_ld_searchpath='/usr/lib /usr/local/lib'
cf_cv_lib_util=yes
cf_cv_link_dataonly=yes
cf_cv_link_funcs=' link symlink'
cf_cv_make_PHONY=yes
cf_cv_mb_len_max=yes
cf_cv_mbstate_t=yes
cf_cv_mixedcase=yes
cf_cv_multiuser=yes
cf_cv_need_libm=yes
cf_cv_posix_visible=no
cf_cv_prog_CC_c_o=yes
cf_cv_prog_CXX_c_o=yes
cf_cv_prog_gnat_correct=no
cf_cv_regex_hdrs=regex.h
cf_cv_rel_version=6.6
cf_cv_rm_so_locs=no
cf_cv_shared_soname='`basename $@ .${REL_VERSION}`.${ABI_VERSION}'
cf_cv_shlib_version=rel
cf_cv_shlib_version_infix=no
cf_cv_sig_atomic_t='volatile sig_atomic_t'
cf_cv_sizechange=yes
cf_cv_src_modules='ncurses progs panel menu form'
cf_cv_struct_dirent64=no
cf_cv_sys_time_select=yes
cf_cv_system_name=linux-gnu
cf_cv_tbl_x_option_okay=yes
cf_cv_test_clock_gettime=yes
cf_cv_timestamp='Mon Apr 13 00:30:31 MSK 2026'
cf_cv_type_of_bool='unsigned char'
cf_cv_type_sigaction=no
cf_cv_typeof_chtype=uint32_t
cf_cv_typeof_mmask_t=uint32_t
cf_cv_unsigned_literals=yes
cf_cv_wchar_h_okay=yes
cf_cv_wchar_t=no
cf_cv_wcwidth_graphics=yes
cf_cv_wint_t=yes
cf_cv_working_poll=yes

## ------------ ##
## confdefs.h.  ##
## ------------ ##

#define PACKAGE "ncurses"
#define NCURSES_VERSION "6.6"
#define NCURSES_PATCHDATE 20251230
#define SYSTEM_NAME "linux-gnu"
#ifdef __cplusplus
#include <stdlib.h>
#endif
#define HAVE_LONG_FILE_NAMES 1
#define MIXEDCASE_FILENAMES 1
#define STDC_HEADERS 1
#define HAVE_SYS_TYPES_H 1
#define HAVE_SYS_STAT_H 1
#define HAVE_STDLIB_H 1
#define HAVE_STRING_H 1
#define HAVE_MEMORY_H 1
#define HAVE_STRINGS_H 1
#define HAVE_INTTYPES_H 1
#define HAVE_STDINT_H 1
#define HAVE_UNISTD_H 1
#define HAVE_DIRENT_H 1
#define HAVE_GPM_H 1
#define HAVE_LIBDL 1
#define LIBGPM_SONAME "libgpm.so.2"
#define HAVE_LIBGPM 1
#define TERMINFO_DIRS "/home/alxd/narnia/termai/vendor/ncurses-src/../ncurses-install/share/terminfo"
#define TERMINFO "/home/alxd/narnia/termai/vendor/ncurses-src/../ncurses-install/share/terminfo"
#define HAVE_BIG_CORE 1
#define PURE_TERMINFO 1
#define USE_HOME_TERMINFO 1
#define USE_ROOT_ENVIRON 1
#define USE_ROOT_ACCESS 1
#define USE_SETUID_ENVIRON 1
#define HAVE_UNISTD_H 1
#define HAVE_REMOVE 1
#define HAVE_UNLINK 1
#define HAVE_LINK 1
#define HAVE_SYMLINK 1
#define USE_LINKS 1
#define HAVE_LANGINFO_CODESET 1
#define USE_WIDEC_SUPPORT 1
#define NCURSES_WIDECHAR 1
#define HAVE_WCHAR_H 1
#define HAVE_WCTYPE_H 1
#define HAVE_PUTWC 1
#define HAVE_BTOWC 1
#define HAVE_WCTOB 1
#define HAVE_WMEMCHR 1
#define HAVE_MBTOWC 1
#define HAVE_WCTOMB 1
#define HAVE_MBLEN 1
#define HAVE_MBRLEN 1
#define HAVE_MBRTOWC 1
#define HAVE_WCSRTOMBS 1
#define HAVE_MBSRTOWCS 1
#define HAVE_WCSTOMBS 1
#define HAVE_MBSTOWCS 1
#define HAVE_WCWIDTH 1
#define NEED_WCHAR_H 1
#define NEED_WCHAR_H 1
#define HAVE_FSEEKO 1
#define RGB_PATH "/usr/lib64/X11/rgb.txt"
#define SIZEOF_SIGNED_CHAR 1
#define NCURSES_EXT_FUNCS 1
#define HAVE_ASSUME_DEFAULT_COLORS 1
#define HAVE_CURSES_VERSION 1
#define HAVE_HAS_KEY 1
#define HAVE_RESIZETERM 1
#define HAVE_RESIZE_TERM 1
#define HAVE_TERM_ENTRY_H 1
#define HAVE_USE_DEFAULT_COLORS 1
#define HAVE_USE_SCREEN 1
#define HAVE_USE_WINDOW 1
#define HAVE_WRESIZE 1
#define NCURSES_SP_FUNCS 1
#define HAVE_TPUTS_SP 1
#define NCURSES_EXT_COLORS 1
#define HAVE_ALLOC_PAIR 1
#define HAVE_INIT_EXTENDED_COLOR 1
#define HAVE_RESET_COLOR_PAIRS 1
#define NCURSES_EXT_PUTWIN 1
#define NCURSES_NO_PADDING 1
#define USE_SIGWINCH 1
#define NCURSES_XNAMES 1
#define NCURSES_WRAP_PREFIX "_nc_"
#define USE_ASSUMED_COLOR 1
#define USE_HASHMAP 1
#define GCC_SCANF 1
#define GCC_SCANF 1
#define GCC_SCANFLIKE(fmt,var) __attribute__((format(scanf,fmt,var)))
#define GCC_PRINTF 1
#define GCC_PRINTF 1
#define GCC_PRINTFLIKE(fmt,var) __attribute__((format(printf,fmt,var)))
#define GCC_UNUSED __attribute__((unused))
#define GCC_UNUSED __attribute__((unused))
#define GCC_NORETURN __attribute__((noreturn))
#define GCC_NORETURN __attribute__((noreturn))
#define HAVE_NC_ALLOC_H 1
#define HAVE_MATH_FUNCS 1
#define TIME_WITH_SYS_TIME 1
#define HAVE_REGEX_H_FUNCS 1
#define HAVE_ALLOCA_H 1
#define HAVE_FCNTL_H 1
#define HAVE_GETOPT_H 1
#define HAVE_LIMITS_H 1
#define HAVE_LOCALE_H 1
#define HAVE_MALLOC_H 1
#define HAVE_MATH_H 1
#define HAVE_POLL_H 1
#define HAVE_SYS_AUXV_H 1
#define HAVE_SYS_FSUID_H 1
#define HAVE_SYS_IOCTL_H 1
#define HAVE_SYS_PARAM_H 1
#define HAVE_SYS_POLL_H 1
#define HAVE_SYS_SELECT_H 1
#define HAVE_SYS_TIME_H 1
#define HAVE_SYS_TIMES_H 1
#define HAVE_UNISTD_H 1
#define HAVE_WCTYPE_H 1
#define HAVE_GETOPT_H 1
#define HAVE_GETOPT_HEADER 1
#define DECL_ENVIRON 1
#define HAVE_ENVIRON 1
#define HAVE_PUTENV 1
#define HAVE_SETENV 1
#define HAVE_STRDUP 1
#define HAVE_SYS_TIME_SELECT 1
#define SIG_ATOMIC_T volatile sig_atomic_t
#define HAVE_CLOCK_GETTIME 1
#define HAVE_FPATHCONF 1
#define HAVE_GETCWD 1
#define HAVE_GETAUXVAL 1
#define HAVE_GETEGID 1
#define HAVE_GETEUID 1
#define HAVE_GETOPT 1
#define HAVE_GETUID 1
#define HAVE_LOCALECONV 1
#define HAVE_POLL 1
#define HAVE_REMOVE 1
#define HAVE_SELECT 1
#define HAVE_SETBUF 1
#define HAVE_SETBUFFER 1
#define HAVE_SETFSUID 1
#define HAVE_SETVBUF 1
#define HAVE_SIGACTION 1
#define HAVE_SNPRINTF 1
#define HAVE_STRDUP 1
#define HAVE_STRSTR 1
#define HAVE_SYSCONF 1
#define HAVE_TCGETPGRP 1
#define HAVE_TIMES 1
#define HAVE_TSEARCH 1
#define HAVE_VSNPRINTF 1
#define HAVE_ISASCII 1
#define HAVE_NANOSLEEP 1
#define HAVE_SGTTY_H 1
#define HAVE_TERMIOS_H 1
#define HAVE_UNISTD_H 1
#define HAVE_SYS_IOCTL_H 1
#define HAVE_TCGETATTR 1
#define HAVE_VSSCANF 1
#define HAVE_UNISTD_H 1
#define HAVE_MKSTEMP 1
#define HAVE_SIZECHANGE 1
#define HAVE_WORKING_POLL 1
#define HAVE_CONSISTENT_MB_LEN_MAX 1
#define HAVE_VA_COPY 1
#define HAVE_UNISTD_H 1
#define HAVE_FORK 1
#define HAVE_VFORK 1
#define HAVE_WORKING_VFORK 1
#define HAVE_WORKING_FORK 1
#define USE_FOPEN_BIN_R 1
#define HAVE_CC_T 1
#define HAVE_SPEED_T 1
#define HAVE_TCFLAG_T 1
#define HAVE_SIGSET_T 1
#define USE_OPENPTY_HEADER <pty.h>
#define USE_XTERM_PTY 1
#define USE_STDBOOL_H 1
#define HAVE_NEW 1
#define HAVE_EXCEPTION 1
#define HAVE_TYPEINFO 1
#define HAVE_IOSTREAM 1
#define IOSTREAM_NAMESPACE 1
#define SIZEOF_BOOL 1
#define CPP_HAS_OVERRIDE 1
#define CPP_HAS_STATIC_CAST 1
#define SIZEOF_WCHAR_T 4
#define HAVE_SLK_COLOR 1
#define HAVE_PANEL_H 1
#define HAVE_LIBPANEL 1
#define HAVE_MENU_H 1
#define HAVE_LIBMENU 1
#define HAVE_FORM_H 1
#define HAVE_LIBFORM 1
#define NCURSES_PATHSEP ':'
#define NCURSES_VERSION_STRING "6.6.20251230"
#define NCURSES_OSPEED_COMPAT 1


configure: exit 0
